Label,URL,brand,name,price,skin_type,ingredients,brand,name,price,skin_type,ingredients
bath-and-body-soap,https://www.sephora.com/product/kp-bump-eraser-body-scrub-with-10-aha-P444989?icid2=products%20grid:p444989,,,,,,,,,,
bath-and-body-soap,https://www.sephora.com/product/sol-de-janeiro-bum-bum-body-scrub-P459306?icid2=products%20grid:p459306,,,,,,,,,,
bath-and-body-soap,https://www.sephora.com/product/brazilian-4-play-moisturizing-shower-cream-gel-P411862?icid2=products%20grid:p411862,,,,,,,,,,
bath-and-body-soap,https://www.sephora.com/product/resurface-glycolic-renewing-scrub-P442844?icid2=products%20grid:p442844,,,,,,,,,,
bath-and-body-soap,https://www.sephora.com/product/scalp-body-scrub-P434221?icid2=products%20grid:p434221,,,,,,,,,,
bath-and-body-soap,https://www.sephora.com/product/necessaire-the-body-wash-P459727?icid2=products%20grid:p459727,,,,,,,,,,
bath-and-body-soap,https://www.sephora.com/product/coco-rose-coconut-oil-body-polish-P400211?icid2=products%20grid:p400211,,,,,,,,,,
bath-and-body-soap,https://www.sephora.com/product/brown-sugar-body-polish-P7844?icid2=products%20grid:p7844,,,,,,,,,,
bath-and-body-soap,https://www.sephora.com/product/sol-de-janeiro-coco-cabana-moisturizing-body-cream-cleanser-P457275?icid2=products%20grid:p457275,,,,,,,,,,
bath-and-body-soap,https://www.sephora.com/product/cleansing-softening-shower-oil-with-almond-oil-P107319?icid2=products%20grid:p107319,,,,,,,,,,
bath-and-body-soap,https://www.sephora.com/product/amazing-grace-bath-shampoo-shower-gel-P4682?icid2=products%20grid:p4682,,,,,,,,,,
bath-and-body-soap,https://www.sephora.com/product/acne-body-wash-P47517?icid2=products%20grid:p47517,,,,,,,,,,
body-moisturizers,https://www.sephora.com/product/brazilian-bum-bum-cream-P406080?icid2=products%20grid:p406080,,,,,,,,,,
body-moisturizers,https://www.sephora.com/product/body-lava-P04546871?icid2=products%20grid:p04546871,,,,,,,,,,
body-moisturizers,https://www.sephora.com/product/supergoop-glow-oil-spf-50-P454387?icid2=products%20grid:p454387,,,,,,,,,,
body-moisturizers,https://www.sephora.com/product/mini-body-lava-body-luminizer-P6970415218?icid2=products%20grid:p6970415218,,,,,,,,,,
body-moisturizers,https://www.sephora.com/product/multi-purpose-oil-P445446?icid2=products%20grid:p445446,,,,,,,,,,
body-moisturizers,https://www.sephora.com/product/coco-cabana-body-cream-P448211?icid2=products%20grid:p448211,,,,,,,,,,
body-moisturizers,https://www.sephora.com/product/glowmotions-P442821?icid2=products%20grid:p442821,,,,,,,,,,
body-moisturizers,https://www.sephora.com/product/tom-ford-soleil-blanc-mini-shimmering-body-oil-P456175?icid2=products%20grid:p456175,,,,,,,,,,
body-moisturizers,https://www.sephora.com/product/whipped-argan-oil-body-butter-P287700?icid2=products%20grid:p287700,,,,,,,,,,
body-moisturizers,https://www.sephora.com/product/resurface-aha-renewing-cream-P442845?icid2=products%20grid:p442845,,,,,,,,,,
body-moisturizers,https://www.sephora.com/product/amazing-grace-firming-body-emulsion-P7411?icid2=products%20grid:p7411,,,,,,,,,,
body-moisturizers,https://www.sephora.com/product/creme-de-corps-P421999?icid2=products%20grid:p421999,,,,,,,,,,
sun-lotion,https://www.sephora.com/product/uv-expert-aquagel-defense-primer-moisturizer-spf-50-P442750?icid2=products%20grid:p442750,,,,,,,,,,
sun-lotion,https://www.sephora.com/product/supergoop-unseen-sunscreen-spf-40-P454380?icid2=products%20grid:p454380,,,,,,,,,,
sun-lotion,https://www.sephora.com/product/self-tanning-drops-P431180?icid2=products%20grid:p431180,,,,,,,,,,
sun-lotion,https://www.sephora.com/product/supergoop-glowscreen-sunscreen-spf-40-P456218?icid2=products%20grid:p456218,,,,,,,,,,
sun-lotion,https://www.sephora.com/product/supergoop-play-everyday-lotion-spf-50-with-sunflower-extract-P454383?icid2=products%20grid:p454383,,,,,,,,,,
sun-lotion,https://www.sephora.com/product/tinted-moisturizer-broad-spectrum-P109936?icid2=products%20grid:p109936,,,,,,,,,,
sun-lotion,https://www.sephora.com/product/dior-addict-lip-glow-color-reviver-balm-P236816?icid2=products%20grid:p236816,,,,,,,,,,
sun-lotion,https://www.sephora.com/product/sugar-lip-treatment-spf-15-P57002?icid2=products%20grid:p57002,,,,,,,,,,
sun-lotion,https://www.sephora.com/product/urban-environment-oil-free-uv-protector-broad-spectrum-spf-42-for-face-P307405?icid2=products%20grid:p307405,,,,,,,,,,
sun-lotion,https://www.sephora.com/product/supergoop-glow-oil-spf-50-P454387?icid2=products%20grid:p454387,,,,,,,,,,
sun-lotion,https://www.sephora.com/product/pure-radiant-tinted-moisturizer-spf-30-pa-P302923?icid2=products%20grid:p302923,,,,,,,,,,
sun-lotion,https://www.sephora.com/product/your-skin-but-better-cc-oil-free-matte-with-spf-40-P433435?icid2=products%20grid:p433435,,,,,,,,,,
body-care,https://www.sephora.com/product/brazilian-bum-bum-cream-P406080?icid2=products%20grid:p406080,,,,,,,,,,
body-care,https://www.sephora.com/product/cashmere-mist-deodorant-P380541?icid2=products%20grid:p380541,,,,,,,,,,
body-care,https://www.sephora.com/product/sugar-roll-on-deodorant-antiperspirant-P34105?icid2=products%20grid:p34105,,,,,,,,,,
body-care,https://www.sephora.com/product/dermaplaning-tool-P441054?icid2=products%20grid:p441054,,,,,,,,,,
body-care,https://www.sephora.com/product/caudalie-vinosculpt-lift-firm-body-cream-P456403?icid2=products%20grid:p456403,,,,,,,,,,
body-care,https://www.sephora.com/product/drunk-elephant-sweet-pitti-deodorant-cream-P457685?icid2=products%20grid:p457685,,,,,,,,,,
body-care,https://www.sephora.com/product/coconut-deodorant-P429518?icid2=products%20grid:p429518,,,,,,,,,,
body-care,https://www.sephora.com/product/b-flat-belly-firming-cream-P448708?icid2=products%20grid:p448708,,,,,,,,,,
body-care,https://www.sephora.com/product/flatter-me-supplements-P394826?icid2=products%20grid:p394826,,,,,,,,,,
body-care,https://www.sephora.com/product/b-tight-lift-firm-booty-mask-P441098?icid2=products%20grid:p441098,,,,,,,,,,
body-care,https://www.sephora.com/product/the-cool-fix-P238412?icid2=products%20grid:p238412,,,,,,,,,,
body-care,https://www.sephora.com/product/body-fit-anti-cellulite-contouring-expert-P415749?icid2=products%20grid:p415749,,,,,,,,,,
beauty-supplements-bath-body,https://www.sephora.com/product/bum-bum-jet-set-P444048?icid2=products%20grid:p444048,,,,,,,,,,
beauty-supplements-bath-body,https://www.sephora.com/product/pro-facial-steamer-P413613?icid2=products%20grid:p413613,,,,,,,,,,
beauty-supplements-bath-body,https://www.sephora.com/product/uplift-firming-massage-head-P418202?skuId=2349934&icid2=products%20grid:p418202,,,,,,,,,,
beauty-supplements-bath-body,https://www.sephora.com/product/samba-2-step-foot-fetish-care-P406081?icid2=products%20grid:p406081,,,,,,,,,,
beauty-supplements-bath-body,https://www.sephora.com/product/coconut-your-bod-P443818?icid2=products%20grid:p443818,,,,,,,,,,
beauty-supplements-bath-body,https://www.sephora.com/product/clean-cool-body-basics-P421013?icid2=products%20grid:p421013,,,,,,,,,,
beauty-supplements-bath-body,https://www.sephora.com/product/briogeo-briogeo-kathleen-lights-b-well-aromatic-essential-oils-kit-P454053?icid2=products%20grid:p454053,,,,,,,,,,
bath-and-body-soap,https://www.sephora.com/product/kp-bump-eraser-body-scrub-with-10-aha-P444989?icid2=products%20grid:p444989,,,,,,,,,,
bath-and-body-soap,https://www.sephora.com/product/sol-de-janeiro-bum-bum-body-scrub-P459306?icid2=products%20grid:p459306,,,,,,,,,,
bath-and-body-soap,https://www.sephora.com/product/brazilian-4-play-moisturizing-shower-cream-gel-P411862?icid2=products%20grid:p411862,,,,,,,,,,
bath-and-body-soap,https://www.sephora.com/product/resurface-glycolic-renewing-scrub-P442844?icid2=products%20grid:p442844,,,,,,,,,,
bath-and-body-soap,https://www.sephora.com/product/scalp-body-scrub-P434221?icid2=products%20grid:p434221,,,,,,,,,,
bath-and-body-soap,https://www.sephora.com/product/necessaire-the-body-wash-P459727?icid2=products%20grid:p459727,,,,,,,,,,
bath-and-body-soap,https://www.sephora.com/product/coco-rose-coconut-oil-body-polish-P400211?icid2=products%20grid:p400211,,,,,,,,,,
bath-and-body-soap,https://www.sephora.com/product/brown-sugar-body-polish-P7844?icid2=products%20grid:p7844,,,,,,,,,,
bath-and-body-soap,https://www.sephora.com/product/sol-de-janeiro-coco-cabana-moisturizing-body-cream-cleanser-P457275?icid2=products%20grid:p457275,,,,,,,,,,
bath-and-body-soap,https://www.sephora.com/product/cleansing-softening-shower-oil-with-almond-oil-P107319?icid2=products%20grid:p107319,,,,,,,,,,
bath-and-body-soap,https://www.sephora.com/product/amazing-grace-bath-shampoo-shower-gel-P4682?icid2=products%20grid:p4682,,,,,,,,,,
bath-and-body-soap,https://www.sephora.com/product/acne-body-wash-P47517?icid2=products%20grid:p47517,,,,,,,,,,
bath-and-body-soap,https://www.sephora.com/product/vanilla-birthday-cake-P91103?icid2=products%20grid:p91103,,,,,,,,,,
bath-and-body-soap,https://www.sephora.com/product/coconut-crush-scrub-P413967?icid2=products%20grid:p413967,,,,,,,,,,
bath-and-body-soap,https://www.sephora.com/product/melon-daiquiri-P62607?icid2=products%20grid:p62607,,,,,,,,,,
bath-and-body-soap,https://www.sephora.com/product/performance-remedy-turbo-wash-energizing-cleanser-for-hair-body-P259950?icid2=products%20grid:p259950,,,,,,,,,,
bath-and-body-soap,https://www.sephora.com/product/senorita-margarita-shampoo-shower-gel-bubble-bath-P62605?icid2=products%20grid:p62605,,,,,,,,,,
bath-and-body-soap,https://www.sephora.com/product/ouai-haircare-chill-pills-P452730?icid2=products%20grid:p452730,,,,,,,,,,
bath-and-body-soap,https://www.sephora.com/product/necessaire-the-body-exfoliator-P459728?skuId=2364172&icid2=products%20grid:p459728,,,,,,,,,,
bath-and-body-soap,https://www.sephora.com/product/body-cleanser-P449773?icid2=products%20grid:p449773,,,,,,,,,,
bath-and-body-soap,https://www.sephora.com/product/drunk-elephant-kamili-cream-body-cleanser-P457686?icid2=products%20grid:p457686,,,,,,,,,,
bath-and-body-soap,https://www.sephora.com/product/fresh-cream-shampoo-shower-gel-bubble-bath-P388649?icid2=products%20grid:p388649,,,,,,,,,,
bath-and-body-soap,https://www.sephora.com/product/sugar-lemon-shower-gel-P7823?icid2=products%20grid:p7823,,,,,,,,,,
bath-and-body-soap,https://www.sephora.com/product/brown-sugar-bath-shower-gel-P286403?icid2=products%20grid:p286403,,,,,,,,,,
bath-and-body-soap,https://www.sephora.com/product/fresh-hesperides-grapefruit-bath-shower-gel-P454818?icid2=products%20grid:p454818,,,,,,,,,,
bath-and-body-soap,https://www.sephora.com/product/coconut-milk-bath-soak-P431840?icid2=products%20grid:p431840,,,,,,,,,,
bath-and-body-soap,https://www.sephora.com/product/coconut-frosting-P42069?icid2=products%20grid:p42069,,,,,,,,,,
bath-and-body-soap,https://www.sephora.com/product/all-over-wash-for-face-hair-body-P12568?icid2=products%20grid:p12568,,,,,,,,,,
bath-and-body-soap,https://www.sephora.com/product/high-cbd-formula-bath-salts-P448194?icid2=products%20grid:p448194,,,,,,,,,,
bath-and-body-soap,https://www.sephora.com/product/shea-butter-extra-gentle-soap-P39955?icid2=products%20grid:p39955,,,,,,,,,,
bath-and-body-soap,https://www.sephora.com/product/lavender-harvest-foaming-bath-P39950?icid2=products%20grid:p39950,,,,,,,,,,
bath-and-body-soap,https://www.sephora.com/product/crushed-amethyst-exfoliating-body-polish-P442002?icid2=products%20grid:p442002,,,,,,,,,,
bath-and-body-soap,https://www.sephora.com/product/wood-sage-sea-salt-body-hand-wash-P417206?icid2=products%20grid:p417206,,,,,,,,,,
bath-and-body-soap,https://www.sephora.com/product/goop-g-tox-5-salt-detox-body-scrub-P458970?icid2=products%20grid:p458970,,,,,,,,,,
bath-and-body-soap,https://www.sephora.com/product/coco-mademoiselle-P20375?icid2=products%20grid:p20375,,,,,,,,,,
bath-and-body-soap,https://www.sephora.com/product/almond-coconut-honey-bath-P380668?icid2=products%20grid:p380668,,,,,,,,,,
bath-and-body-soap,https://www.sephora.com/product/pure-grace-foaming-bath-shower-gel-P69718?icid2=products%20grid:p69718,,,,,,,,,,
bath-and-body-soap,https://www.sephora.com/product/shower-gel-P412113?icid2=products%20grid:p412113,,,,,,,,,,
bath-and-body-soap,https://www.sephora.com/product/prima-bath-gem-effervescent-cbd-mineral-soak-for-relaxation-recovery-P456216?icid2=products%20grid:p456216,,,,,,,,,,
bath-and-body-soap,https://www.sephora.com/product/fresh-sugar-lychee-bath-shower-gel-P454816?icid2=products%20grid:p454816,,,,,,,,,,
bath-and-body-soap,https://www.sephora.com/product/english-pear-freesia-body-hand-wash-P417207?icid2=products%20grid:p417207,,,,,,,,,,
bath-and-body-soap,https://www.sephora.com/product/creme-de-corps-soy-milk-honey-body-polish-P422251?icid2=products%20grid:p422251,,,,,,,,,,
bath-and-body-soap,https://www.sephora.com/product/almond-exfoliating-smoothing-delicious-paste-P392873?icid2=products%20grid:p392873,,,,,,,,,,
bath-and-body-soap,https://www.sephora.com/product/citron-de-vigne-shower-gel-P259802?icid2=products%20grid:p259802,,,,,,,,,,
bath-and-body-soap,https://www.sephora.com/product/rice-sake-bath-P12857?icid2=products%20grid:p12857,,,,,,,,,,
bath-and-body-soap,https://www.sephora.com/product/goop-the-martini-emotional-detox-bath-soak-P458966?icid2=products%20grid:p458966,,,,,,,,,,
bath-and-body-soap,https://www.sephora.com/product/atlantic-kelp-magnesium-salt-anti-fatigue-exfoliating-body-scrub-P432660?icid2=products%20grid:p432660,,,,,,,,,,
bath-and-body-soap,https://www.sephora.com/product/moroccanoil-body-tm-soap-P438602?icid2=products%20grid:p438602,,,,,,,,,,
bath-and-body-soap,https://www.sephora.com/product/eau-parfumee-au-the-vert-shampoo-and-shower-gel-P400316?icid2=products%20grid:p400316,,,,,,,,,,
bath-and-body-soap,https://www.sephora.com/product/fresh-life-bath-shower-gel-P392524?icid2=products%20grid:p392524,,,,,,,,,,
bath-and-body-soap,https://www.sephora.com/product/eczema-foaming-oil-body-wash-P442847?icid2=products%20grid:p442847,,,,,,,,,,
bath-and-body-soap,https://www.sephora.com/product/hesperides-grapefruit-oval-soap-P178410?icid2=products%20grid:p178410,,,,,,,,,,
bath-and-body-soap,https://www.sephora.com/product/citron-de-vigne-oval-soap-P234922?icid2=products%20grid:p234922,,,,,,,,,,
bath-and-body-soap,https://www.sephora.com/product/creme-de-corps-smoothing-oil-to-foam-body-cleanser-P426827?icid2=products%20grid:p426827,,,,,,,,,,
bath-and-body-soap,https://www.sephora.com/product/shower-sheets-large-body-wipes-P415782?icid2=products%20grid:p415782,,,,,,,,,,
bath-and-body-soap,https://www.sephora.com/product/lime-basil-mandarin-body-hand-wash-P417203?icid2=products%20grid:p417203,,,,,,,,,,
bath-and-body-soap,https://www.sephora.com/product/shea-shower-oil-P428817?icid2=products%20grid:p428817,,,,,,,,,,
bath-and-body-soap,https://www.sephora.com/product/mimosa-cardamom-body-hand-wash-P417205?icid2=products%20grid:p417205,,,,,,,,,,
bath-and-body-soap,https://www.sephora.com/product/atlantic-kelp-magnesium-anti-fatigue-body-wash-P436089?icid2=products%20grid:p436089,,,,,,,,,,
bath-and-body-soap,https://www.sephora.com/product/sparkle-skin-body-exfoliator-P122749?icid2=products%20grid:p122749,,,,,,,,,,
bath-and-body-soap,https://www.sephora.com/product/morroccan-rose-otto-body-wash-P378016?icid2=products%20grid:p378016,,,,,,,,,,
bath-and-body-soap,https://www.sephora.com/product/invigorating-rush-hair-body-wash-P376886?icid2=products%20grid:p376886,,,,,,,,,,
bath-and-body-soap,https://www.sephora.com/product/verbena-shower-gel-P39890?icid2=products%20grid:p39890,,,,,,,,,,
bath-and-body-soap,https://www.sephora.com/product/body-polishing-scrub-P451616?icid2=products%20grid:p451616,,,,,,,,,,
bath-and-body-soap,https://www.sephora.com/product/freesia-oval-soap-P193706?icid2=products%20grid:p193706,,,,,,,,,,
bath-and-body-soap,https://www.sephora.com/product/j-adore-soap-P380620?icid2=products%20grid:p380620,,,,,,,,,,
bath-and-body-soap,https://www.sephora.com/product/eau-parfumee-au-the-blanc-shampoo-and-shower-gel-P380574?icid2=products%20grid:p380574,,,,,,,,,,
bath-and-body-soap,https://www.sephora.com/product/n-5-cleasing-cream-P383810?icid2=products%20grid:p383810,,,,,,,,,,
bath-and-body-soap,https://www.sephora.com/product/neroli-portofino-shower-gel-P380647?icid2=products%20grid:p380647,,,,,,,,,,
bath-and-body-soap,https://www.sephora.com/product/flowerbomb-shower-gel-P409340?icid2=products%20grid:p409340,,,,,,,,,,
bath-and-body-soap,https://www.sephora.com/product/chance-eau-fra-206che-P261327?icid2=products%20grid:p261327,,,,,,,,,,
bath-and-body-soap,https://www.sephora.com/product/turbo-body-bar-scrubbing-soap-P394957?icid2=products%20grid:p394957,,,,,,,,,,
bath-and-body-soap,https://www.sephora.com/product/crushed-cabernet-scrub-P100101?icid2=products%20grid:p100101,,,,,,,,,,
bath-and-body-soap,https://www.sephora.com/product/chance-eau-vive-foaming-shower-gel-P415959?icid2=products%20grid:p415959,,,,,,,,,,
bath-and-body-soap,https://www.sephora.com/product/shower-shake-P443518?icid2=products%20grid:p443518,,,,,,,,,,
bath-and-body-soap,https://www.sephora.com/product/almond-shower-shake-P446633?icid2=products%20grid:p446633,,,,,,,,,,
bath-and-body-soap,https://www.sephora.com/product/marshmallow-whipped-hand-cuticle-scrub-P416777?icid2=products%20grid:p416777,,,,,,,,,,
bath-and-body-soap,https://www.sephora.com/product/purity-made-simple-3-in-1-shower-bath-shave-gel-P399108?icid2=products%20grid:p399108,,,,,,,,,,
bath-and-body-soap,https://www.sephora.com/product/cocoa-body-exfoliant-P400252?icid2=products%20grid:p400252,,,,,,,,,,
bath-and-body-soap,https://www.sephora.com/product/get-off-callus-softener-intensive-treatment-P438934?icid2=products%20grid:p438934,,,,,,,,,,
bath-and-body-soap,https://www.sephora.com/product/peter-thomas-roth-hand-sanitizer-alcohol-antiseptic-80-topical-solution-P459838?icid2=products%20grid:p459838,,,,,,,,,,
bath-and-body-soap,https://www.sephora.com/product/basil-neroli-body-hand-wash-P417209?icid2=products%20grid:p417209,,,,,,,,,,
bath-and-body-soap,https://www.sephora.com/product/unconditional-love-shampoo-bath-shower-gel-P234101?icid2=products%20grid:p234101,,,,,,,,,,
bath-and-body-soap,https://www.sephora.com/product/goop-g-tox-glacial-marine-clay-body-cleanser-P458969?icid2=products%20grid:p458969,,,,,,,,,,
bath-and-body-soap,https://www.sephora.com/product/verbena-oval-soap-P193705?icid2=products%20grid:p193705,,,,,,,,,,
bath-and-body-soap,https://www.sephora.com/product/cinema-secrets-spray-sanitizer-P460560?icid2=products%20grid:p460560,,,,,,,,,,
bath-and-body-soap,https://www.sephora.com/product/charcoal-body-bar-massaging-soap-P431732?icid2=products%20grid:p431732,,,,,,,,,,
bath-and-body-soap,https://www.sephora.com/product/acqua-di-parma-colonia-hand-soap-P460439?icid2=products%20grid:p460439,,,,,,,,,,
bath-and-body-soap,https://www.sephora.com/product/geranium-walnut-body-scrub-P418382?icid2=products%20grid:p418382,,,,,,,,,,
bath-and-body-soap,https://www.sephora.com/product/fresh-life-oval-soap-P388685?icid2=products%20grid:p388685,,,,,,,,,,
bath-and-body-soap,https://www.sephora.com/product/nest-grapefruit-hand-soap-P460869?icid2=products%20grid:p460869,,,,,,,,,,
bath-and-body-soap,https://www.sephora.com/product/microdermabrasion-body-P449157?icid2=products%20grid:p449157,,,,,,,,,,
bath-and-body-soap,https://www.sephora.com/product/body-shower-gel-P407497?icid2=products%20grid:p407497,,,,,,,,,,
bath-and-body-soap,https://www.sephora.com/product/goop-g-nite-bedtime-bath-soak-P458968?icid2=products%20grid:p458968,,,,,,,,,,
bath-and-body-soap,https://www.sephora.com/product/living-grace-shampoo-bath-shower-gel-P380638?icid2=products%20grid:p380638,,,,,,,,,,
bath-and-body-soap,https://www.sephora.com/product/goop-g-tox-5-salt-detox-bath-soak-P458967?icid2=products%20grid:p458967,,,,,,,,,,
bath-and-body-soap,https://www.sephora.com/product/waterlily-oval-soap-P193701?icid2=products%20grid:p193701,,,,,,,,,,
bath-and-body-soap,https://www.sephora.com/product/moroccan-rose-otto-bath-oil-P378015?icid2=products%20grid:p378015,,,,,,,,,,
bath-and-body-soap,https://www.sephora.com/product/vanilla-bean-creamy-body-scrub-P401805?icid2=products%20grid:p401805,,,,,,,,,,
bath-and-body-soap,https://www.sephora.com/product/mangosteen-oval-soap-P189512?icid2=products%20grid:p189512,,,,,,,,,,
bath-and-body-soap,https://www.sephora.com/product/nectarine-blossom-honey-body-hand-wash-P417208?icid2=products%20grid:p417208,,,,,,,,,,
bath-and-body-soap,https://www.sephora.com/product/oud-wood-shower-gel-P393171?icid2=products%20grid:p393171,,,,,,,,,,
bath-and-body-soap,https://www.sephora.com/product/extreme-blue-hair-body-wash-P398949?icid2=products%20grid:p398949,,,,,,,,,,
bath-and-body-soap,https://www.sephora.com/product/la-vie-est-belle-shower-gel-P398673?icid2=products%20grid:p398673,,,,,,,,,,
bath-and-body-soap,https://www.sephora.com/product/no-04-bois-de-balincourt-body-hand-wash-P447547?icid2=products%20grid:p447547,,,,,,,,,,
bath-and-body-soap,https://www.sephora.com/product/sugar-body-scrub-P276332?icid2=products%20grid:p276332,,,,,,,,,,
bath-and-body-soap,https://www.sephora.com/product/coconut-shower-oil-P436672?icid2=products%20grid:p436672,,,,,,,,,,
bath-and-body-soap,https://www.sephora.com/product/neroli-portofino-bath-soap-P380646?icid2=products%20grid:p380646,,,,,,,,,,
bath-and-body-soap,https://www.sephora.com/product/fizzing-bath-star-mini-surprise-flowers-P442767?icid2=products%20grid:p442767,,,,,,,,,,
bath-and-body-soap,https://www.sephora.com/product/pink-sugar-shower-gel-P380594?icid2=products%20grid:p380594,,,,,,,,,,
bath-and-body-soap,https://www.sephora.com/product/farmacy-antiseptic-hand-sanitzer-gel-P460853?icid2=products%20grid:p460853,,,,,,,,,,
bath-and-body-soap,https://www.sephora.com/product/sol-de-janeiro-brazillian-hand-sanitizer-spray-P460030?icid2=products%20grid:p460030,,,,,,,,,,
bath-and-body-soap,https://www.sephora.com/product/twilly-d-hermes-soap-set-P431152?icid2=products%20grid:p431152,,,,,,,,,,
bath-and-body-soap,https://www.sephora.com/product/capri-blue-volcano-bar-soap-P458999?icid2=products%20grid:p458999,,,,,,,,,,
bath-and-body-soap,https://www.sephora.com/product/capri-blue-volcano-bath-bomb-P459005?icid2=products%20grid:p459005,,,,,,,,,,
bath-and-body-soap,https://www.sephora.com/product/capri-blue-volcano-body-scrub-P458998?icid2=products%20grid:p458998,,,,,,,,,,
bath-and-body-soap,https://www.sephora.com/product/capri-blue-volcano-hand-wash-P459001?icid2=products%20grid:p459001,,,,,,,,,,
bath-and-body-soap,https://www.sephora.com/product/capri-blue-volcano-hand-wash-refill-P459000?icid2=products%20grid:p459000,,,,,,,,,,
body-moisturizers,https://www.sephora.com/product/brazilian-bum-bum-cream-P406080?icid2=products%20grid:p406080,,,,,,,,,,
body-moisturizers,https://www.sephora.com/product/body-lava-P04546871?icid2=products%20grid:p04546871,,,,,,,,,,
body-moisturizers,https://www.sephora.com/product/supergoop-glow-oil-spf-50-P454387?icid2=products%20grid:p454387,,,,,,,,,,
body-moisturizers,https://www.sephora.com/product/mini-body-lava-body-luminizer-P6970415218?icid2=products%20grid:p6970415218,,,,,,,,,,
body-moisturizers,https://www.sephora.com/product/multi-purpose-oil-P445446?icid2=products%20grid:p445446,,,,,,,,,,
body-moisturizers,https://www.sephora.com/product/coco-cabana-body-cream-P448211?icid2=products%20grid:p448211,,,,,,,,,,
body-moisturizers,https://www.sephora.com/product/glowmotions-P442821?icid2=products%20grid:p442821,,,,,,,,,,
body-moisturizers,https://www.sephora.com/product/tom-ford-soleil-blanc-mini-shimmering-body-oil-P456175?icid2=products%20grid:p456175,,,,,,,,,,
body-moisturizers,https://www.sephora.com/product/whipped-argan-oil-body-butter-P287700?icid2=products%20grid:p287700,,,,,,,,,,
body-moisturizers,https://www.sephora.com/product/resurface-aha-renewing-cream-P442845?icid2=products%20grid:p442845,,,,,,,,,,
body-moisturizers,https://www.sephora.com/product/amazing-grace-firming-body-emulsion-P7411?icid2=products%20grid:p7411,,,,,,,,,,
body-moisturizers,https://www.sephora.com/product/creme-de-corps-P421999?icid2=products%20grid:p421999,,,,,,,,,,
body-moisturizers,https://www.sephora.com/product/caudalie-vinosculpt-lift-firm-body-cream-P456403?icid2=products%20grid:p456403,,,,,,,,,,
body-moisturizers,https://www.sephora.com/product/bum-bum-sol-oil-spf-30-P442733?icid2=products%20grid:p442733,,,,,,,,,,
body-moisturizers,https://www.sephora.com/product/hand-creams-P307907?icid2=products%20grid:p307907,,,,,,,,,,
body-moisturizers,https://www.sephora.com/product/b-flat-belly-firming-cream-P448708?icid2=products%20grid:p448708,,,,,,,,,,
body-moisturizers,https://www.sephora.com/product/night-body-serum-P435939?icid2=products%20grid:p435939,,,,,,,,,,
body-moisturizers,https://www.sephora.com/product/b-tight-lift-firm-booty-mask-P441098?icid2=products%20grid:p441098,,,,,,,,,,
body-moisturizers,https://www.sephora.com/product/unicorn-essence-P417141?icid2=products%20grid:p417141,,,,,,,,,,
body-moisturizers,https://www.sephora.com/product/samba-2-step-foot-fetish-care-P406081?icid2=products%20grid:p406081,,,,,,,,,,
body-moisturizers,https://www.sephora.com/product/drunk-elephant-sili-body-lotion-P457687?icid2=products%20grid:p457687,,,,,,,,,,
body-moisturizers,https://www.sephora.com/product/ultimate-strength-hand-salve-P422640?icid2=products%20grid:p422640,,,,,,,,,,
body-moisturizers,https://www.sephora.com/product/creme-de-corps-soy-milk-honey-whipped-body-butter-P422269?icid2=products%20grid:p422269,,,,,,,,,,
body-moisturizers,https://www.sephora.com/product/creme-de-corps-nourishing-dry-body-oil-P426826?icid2=products%20grid:p426826,,,,,,,,,,
body-moisturizers,https://www.sephora.com/product/dry-body-oil-P412115?icid2=products%20grid:p412115,,,,,,,,,,
body-moisturizers,https://www.sephora.com/product/shea-butter-ultra-rich-body-cream-P238001?icid2=products%20grid:p238001,,,,,,,,,,
body-moisturizers,https://www.sephora.com/product/100-squalane-oil-P416564?icid2=products%20grid:p416564,,,,,,,,,,
body-moisturizers,https://www.sephora.com/product/major-glow-body-oil-P443626?icid2=products%20grid:p443626,,,,,,,,,,
body-moisturizers,https://www.sephora.com/product/hand-balm-P428256?icid2=products%20grid:p428256,,,,,,,,,,
body-moisturizers,https://www.sephora.com/product/aha-smart-renewal-body-serum-P431845?icid2=products%20grid:p431845,,,,,,,,,,
body-moisturizers,https://www.sephora.com/product/a-a-body-power-cream-P415746?icid2=products%20grid:p415746,,,,,,,,,,
body-moisturizers,https://www.sephora.com/product/rose-gold-elixir-P417139?icid2=products%20grid:p417139,,,,,,,,,,
body-moisturizers,https://www.sephora.com/product/necessaire-the-body-lotion-P459138?icid2=products%20grid:p459138,,,,,,,,,,
body-moisturizers,https://www.sephora.com/product/becca-cosmetics-ignite-liquified-light-highlighter-P457300?icid2=products%20grid:p457300,,,,,,,,,,
body-moisturizers,https://www.sephora.com/product/royal-oil-100-mg-cbd-P445464?icid2=products%20grid:p445464,,,,,,,,,,
body-moisturizers,https://www.sephora.com/product/coconut-melt-P413350?icid2=products%20grid:p413350,,,,,,,,,,
body-moisturizers,https://www.sephora.com/product/sol-de-janeiro-brazilian-nude-fragrance-free-body-cream-P454089?icid2=products%20grid:p454089,,,,,,,,,,
body-moisturizers,https://www.sephora.com/product/high-cbd-formula-body-lotion-P438374?icid2=products%20grid:p438374,,,,,,,,,,
body-moisturizers,https://www.sephora.com/product/body-creme-P449774?icid2=products%20grid:p449774,,,,,,,,,,
body-moisturizers,https://www.sephora.com/product/supergoop-handscreen-spf-40-P454392?icid2=products%20grid:p454392,,,,,,,,,,
body-moisturizers,https://www.sephora.com/product/shea-butter-foot-cream-P451282?icid2=products%20grid:p451282,,,,,,,,,,
body-moisturizers,https://www.sephora.com/product/sun-oil-15-spf-P412112?icid2=products%20grid:p412112,,,,,,,,,,
body-moisturizers,https://www.sephora.com/product/almond-smoothing-and-beautifying-supple-skin-oil-P162554?icid2=products%20grid:p162554,,,,,,,,,,
body-moisturizers,https://www.sephora.com/product/jasmine-glowing-hydration-body-oil-P400202?icid2=products%20grid:p400202,,,,,,,,,,
body-moisturizers,https://www.sephora.com/product/dermask-foot-smoothing-mask-P436642?icid2=products%20grid:p436642,,,,,,,,,,
body-moisturizers,https://www.sephora.com/product/rose-hair-body-oil-P419005?icid2=products%20grid:p419005,,,,,,,,,,
body-moisturizers,https://www.sephora.com/product/skin-dope-argan-oil-100-mg-cbd-non-psychoactive-P441868?icid2=products%20grid:p441868,,,,,,,,,,
body-moisturizers,https://www.sephora.com/product/the-body-creme-P417116?icid2=products%20grid:p417116,,,,,,,,,,
body-moisturizers,https://www.sephora.com/product/almond-smoothing-and-beautifying-milk-concentrate-P66703?icid2=products%20grid:p66703,,,,,,,,,,
body-moisturizers,https://www.sephora.com/product/hand-and-nail-cream-P152203?icid2=products%20grid:p152203,,,,,,,,,,
body-moisturizers,https://www.sephora.com/product/gold-camellia-beauty-oil-P403315?icid2=products%20grid:p403315,,,,,,,,,,
body-moisturizers,https://www.sephora.com/product/coco-mademoiselle-P249815?icid2=products%20grid:p249815,,,,,,,,,,
body-moisturizers,https://www.sephora.com/product/body-moisturizers-P441000?icid2=products%20grid:p441000,,,,,,,,,,
body-moisturizers,https://www.sephora.com/product/brazilian-touch-hand-cream-P428253?icid2=products%20grid:p428253,,,,,,,,,,
body-moisturizers,https://www.sephora.com/product/tarte-park-ave-princess-tm-waterproof-face-body-bronzer-P457466?icid2=products%20grid:p457466,,,,,,,,,,
body-moisturizers,https://www.sephora.com/product/patrick-ta-mini-major-glow-body-oil-P454050?icid2=products%20grid:p454050,,,,,,,,,,
body-moisturizers,https://www.sephora.com/product/shea-butter-intensive-hand-balm-P449167?icid2=products%20grid:p449167,,,,,,,,,,
body-moisturizers,https://www.sephora.com/product/body-souffle-P412104?icid2=products%20grid:p412104,,,,,,,,,,
body-moisturizers,https://www.sephora.com/product/eczema-hand-repair-cream-P442842?icid2=products%20grid:p442842,,,,,,,,,,
body-moisturizers,https://www.sephora.com/product/fresh-hesperides-grapefruit-body-lotion-P454817?icid2=products%20grid:p454817,,,,,,,,,,
body-moisturizers,https://www.sephora.com/product/citron-de-vigne-body-lotion-P259801?icid2=products%20grid:p259801,,,,,,,,,,
body-moisturizers,https://www.sephora.com/product/hand-mask-P406221?icid2=products%20grid:p406221,,,,,,,,,,
body-moisturizers,https://www.sephora.com/product/almond-coconut-souffle-body-creme-P380667?icid2=products%20grid:p380667,,,,,,,,,,
body-moisturizers,https://www.sephora.com/product/body-butter-P412102?icid2=products%20grid:p412102,,,,,,,,,,
body-moisturizers,https://www.sephora.com/product/deep-comfort-body-butter-P122654?icid2=products%20grid:p122654,,,,,,,,,,
body-moisturizers,https://www.sephora.com/product/cold-plasma-plus-fragile-skin-therapy-P441326?icid2=products%20grid:p441326,,,,,,,,,,
body-moisturizers,https://www.sephora.com/product/nymph-body-glow-P444142?icid2=products%20grid:p444142,,,,,,,,,,
body-moisturizers,https://www.sephora.com/product/clarins-body-partner-stretch-mark-cream-P456195?icid2=products%20grid:p456195,,,,,,,,,,
body-moisturizers,https://www.sephora.com/product/sun-kissed-body-glow-oil-P443381?icid2=products%20grid:p443381,,,,,,,,,,
body-moisturizers,https://www.sephora.com/product/sephora-collection-all-day-body-hydrator-P455219?icid2=products%20grid:p455219,,,,,,,,,,
body-moisturizers,https://www.sephora.com/product/flowerbomb-bath-body-collection-P371607?icid2=products%20grid:p371607,,,,,,,,,,
body-moisturizers,https://www.sephora.com/product/revitalizing-body-oil-P392001?icid2=products%20grid:p392001,,,,,,,,,,
body-moisturizers,https://www.sephora.com/product/dry-body-oil-mini-P429254?icid2=products%20grid:p429254,,,,,,,,,,
body-moisturizers,https://www.sephora.com/product/black-opium-dry-oil-for-body-hair-P406908?icid2=products%20grid:p406908,,,,,,,,,,
body-moisturizers,https://www.sephora.com/product/barrier-lipid-boost-body-cream-P450599?icid2=products%20grid:p450599,,,,,,,,,,
body-moisturizers,https://www.sephora.com/product/pure-grace-perfumed-body-lotion-P157011?icid2=products%20grid:p157011,,,,,,,,,,
body-moisturizers,https://www.sephora.com/product/sugar-lemon-body-lotion-P213013?icid2=products%20grid:p213013,,,,,,,,,,
body-moisturizers,https://www.sephora.com/product/body-lotion-P383806?icid2=products%20grid:p383806,,,,,,,,,,
body-moisturizers,https://www.sephora.com/product/milk-makeup-cbd-body-oil-stick-P459264?icid2=products%20grid:p459264,,,,,,,,,,
body-moisturizers,https://www.sephora.com/product/shea-butter-ultra-rich-body-lotion-P39678?icid2=products%20grid:p39678,,,,,,,,,,
body-moisturizers,https://www.sephora.com/product/luxury-cbd-body-serum-P451503?icid2=products%20grid:p451503,,,,,,,,,,
body-moisturizers,https://www.sephora.com/product/dr-barbara-sturm-anti-aging-body-cream-P448716?icid2=products%20grid:p448716,,,,,,,,,,
body-moisturizers,https://www.sephora.com/product/orange-blossom-body-creme-P417214?icid2=products%20grid:p417214,,,,,,,,,,
body-moisturizers,https://www.sephora.com/product/eau-parfumee-au-the-vert-body-lotion-P400318?icid2=products%20grid:p400318,,,,,,,,,,
body-moisturizers,https://www.sephora.com/product/moisture-rich-body-lotion-P95060?icid2=products%20grid:p95060,,,,,,,,,,
body-moisturizers,https://www.sephora.com/product/the-reparative-body-lotion-P417117?icid2=products%20grid:p417117,,,,,,,,,,
body-moisturizers,https://www.sephora.com/product/100-pure-shea-butter-P39675?icid2=products%20grid:p39675,,,,,,,,,,
body-moisturizers,https://www.sephora.com/product/sugarbath-lychee-body-lotion-P7827?icid2=products%20grid:p7827,,,,,,,,,,
body-moisturizers,https://www.sephora.com/product/ginger-souffle-trade-whipped-body-cream-P375831?icid2=products%20grid:p375831,,,,,,,,,,
body-moisturizers,https://www.sephora.com/product/la-vie-est-belle-body-lotion-P398675?icid2=products%20grid:p398675,,,,,,,,,,
body-moisturizers,https://www.sephora.com/product/foot-mask-P408904?icid2=products%20grid:p408904,,,,,,,,,,
body-moisturizers,https://www.sephora.com/product/peony-blush-suede-body-creme-P417212?icid2=products%20grid:p417212,,,,,,,,,,
body-moisturizers,https://www.sephora.com/product/moisturizing-and-smoothing-milk-veil-P392869?icid2=products%20grid:p392869,,,,,,,,,,
body-moisturizers,https://www.sephora.com/product/body-glow-P2856?icid2=products%20grid:p2856,,,,,,,,,,
body-moisturizers,https://www.sephora.com/product/chloe-perfumed-body-lotion-P380546?icid2=products%20grid:p380546,,,,,,,,,,
body-moisturizers,https://www.sephora.com/product/fresh-life-body-lotion-P388687?icid2=products%20grid:p388687,,,,,,,,,,
body-moisturizers,https://www.sephora.com/product/eczema-extra-strength-body-cream-P442846?icid2=products%20grid:p442846,,,,,,,,,,
body-moisturizers,https://www.sephora.com/product/whipped-argan-oil-spf-45-body-butter-P444042?icid2=products%20grid:p444042,,,,,,,,,,
body-moisturizers,https://www.sephora.com/product/seaberry-restorative-body-cream-P293204?icid2=products%20grid:p293204,,,,,,,,,,
body-moisturizers,https://www.sephora.com/product/english-pear-freesia-body-hand-lotion-P417197?icid2=products%20grid:p417197,,,,,,,,,,
body-moisturizers,https://www.sephora.com/product/caudalie-hyaluronic-acid-nourishing-body-lotion-P456404?icid2=products%20grid:p456404,,,,,,,,,,
body-moisturizers,https://www.sephora.com/product/mega-rich-body-lotion-P378008?icid2=products%20grid:p378008,,,,,,,,,,
body-moisturizers,https://www.sephora.com/product/marc-jacobs-beauty-glow-away-bronzing-coconut-body-stick-P456155?icid2=products%20grid:p456155,,,,,,,,,,
body-moisturizers,https://www.sephora.com/product/prima-r-r-cream-advanced-cbd-recovery-rub-for-soothing-comfort-P456215?icid2=products%20grid:p456215,,,,,,,,,,
body-moisturizers,https://www.sephora.com/product/shimmer-body-oil-P446344?icid2=products%20grid:p446344,,,,,,,,,,
body-moisturizers,https://www.sephora.com/product/cbd-formula-heavy-duty-chill-balm-P448193?icid2=products%20grid:p448193,,,,,,,,,,
body-moisturizers,https://www.sephora.com/product/almond-delightful-body-balm-P442735?icid2=products%20grid:p442735,,,,,,,,,,
body-moisturizers,https://www.sephora.com/product/bright-crystal-body-lotion-P306816?icid2=products%20grid:p306816,,,,,,,,,,
body-moisturizers,https://www.sephora.com/product/genius-liquid-collagen-hand-cream-P449163?icid2=products%20grid:p449163,,,,,,,,,,
body-moisturizers,https://www.sephora.com/product/goop-goopglow-body-luminizer-P456212?icid2=products%20grid:p456212,,,,,,,,,,
body-moisturizers,https://www.sephora.com/product/supermodel-body-P446614?icid2=products%20grid:p446614,,,,,,,,,,
body-moisturizers,https://www.sephora.com/product/flowerbomb-cream-P380616?icid2=products%20grid:p380616,,,,,,,,,,
body-moisturizers,https://www.sephora.com/product/moroccanoil-hand-cream-P455567?icid2=products%20grid:p455567,,,,,,,,,,
body-moisturizers,https://www.sephora.com/product/nectarine-blossom-honey-body-creme-P417213?icid2=products%20grid:p417213,,,,,,,,,,
body-moisturizers,https://www.sephora.com/product/epic-moisture-mp10-nourishing-oil-P379573?icid2=products%20grid:p379573,,,,,,,,,,
body-moisturizers,https://www.sephora.com/product/wood-sage-sea-salt-body-creme-P417211?icid2=products%20grid:p417211,,,,,,,,,,
body-moisturizers,https://www.sephora.com/product/first-aid-beauty-fab-pharma-oat-hemp-multi-fix-salve-P454082?icid2=products%20grid:p454082,,,,,,,,,,
body-moisturizers,https://www.sephora.com/product/contour-body-treatment-oil-P399675?icid2=products%20grid:p399675,,,,,,,,,,
body-moisturizers,https://www.sephora.com/product/honey-body-butter-P450942?icid2=products%20grid:p450942,,,,,,,,,,
body-moisturizers,https://www.sephora.com/product/lime-basil-mandarin-body-hand-lotion-P417200?icid2=products%20grid:p417200,,,,,,,,,,
body-moisturizers,https://www.sephora.com/product/eau-parfum-e-au-th-blanc-body-lotion-P406101?icid2=products%20grid:p406101,,,,,,,,,,
body-moisturizers,https://www.sephora.com/product/fresh-cream-body-lotion-P388647?icid2=products%20grid:p388647,,,,,,,,,,
body-moisturizers,https://www.sephora.com/product/cool-moisture-body-lotion-P96809?icid2=products%20grid:p96809,,,,,,,,,,
body-moisturizers,https://www.sephora.com/product/high-cbd-formula-body-oil-P441867?icid2=products%20grid:p441867,,,,,,,,,,
body-moisturizers,https://www.sephora.com/product/industrial-strength-hand-healer-P12572?icid2=products%20grid:p12572,,,,,,,,,,
body-moisturizers,https://www.sephora.com/product/amazing-grace-satin-finish-body-oil-mist-P381763?icid2=products%20grid:p381763,,,,,,,,,,
body-moisturizers,https://www.sephora.com/product/miss-dior-hair-mist-P395905?icid2=products%20grid:p395905,,,,,,,,,,
body-moisturizers,https://www.sephora.com/product/mimosa-cardamom-body-creme-P417210?icid2=products%20grid:p417210,,,,,,,,,,
body-moisturizers,https://www.sephora.com/product/hydra-life-hydration-rescue-intense-sorbet-creme-P430150?icid2=products%20grid:p430150,,,,,,,,,,
body-moisturizers,https://www.sephora.com/product/black-opium-shimmering-moisture-fluid-for-body-P408986?icid2=products%20grid:p408986,,,,,,,,,,
body-moisturizers,https://www.sephora.com/product/vinoperfect-brightening-hand-cream-P451992?icid2=products%20grid:p451992,,,,,,,,,,
body-moisturizers,https://www.sephora.com/product/moroccan-rose-otto-body-lotion-P378014?icid2=products%20grid:p378014,,,,,,,,,,
body-moisturizers,https://www.sephora.com/product/atlantic-kelp-microalgae-anti-fatigue-toning-body-oil-P432661?icid2=products%20grid:p432661,,,,,,,,,,
body-moisturizers,https://www.sephora.com/product/shimmering-body-oil-P412108?icid2=products%20grid:p412108,,,,,,,,,,
body-moisturizers,https://www.sephora.com/product/josie-maran-skin-dope-100mg-cbd-body-butter-P457268?icid2=products%20grid:p457268,,,,,,,,,,
body-moisturizers,https://www.sephora.com/product/english-pear-freesia-body-creme-P417215?icid2=products%20grid:p417215,,,,,,,,,,
body-moisturizers,https://www.sephora.com/product/oud-wood-body-moisturizer-P393173?icid2=products%20grid:p393173,,,,,,,,,,
body-moisturizers,https://www.sephora.com/product/dry-skin-saver-P412117?icid2=products%20grid:p412117,,,,,,,,,,
body-moisturizers,https://www.sephora.com/product/light-blue-cream-P380592?icid2=products%20grid:p380592,,,,,,,,,,
body-moisturizers,https://www.sephora.com/product/acqua-di-parma-rosa-nobile-shimmering-body-oil-P460441?icid2=products%20grid:p460441,,,,,,,,,,
body-moisturizers,https://www.sephora.com/product/blackberry-bay-body-hand-lotion-P417201?icid2=products%20grid:p417201,,,,,,,,,,
body-moisturizers,https://www.sephora.com/product/sunless-tan-dry-body-oil-mist-P418220?icid2=products%20grid:p418220,,,,,,,,,,
body-moisturizers,https://www.sephora.com/product/becca-cosmetics-ignite-liquified-light-highlighter-limited-edition-P457301?icid2=products%20grid:p457301,,,,,,,,,,
body-moisturizers,https://www.sephora.com/product/neroli-portofino-body-oil-P380649?icid2=products%20grid:p380649,,,,,,,,,,
body-moisturizers,https://www.sephora.com/product/cashmere-mist-body-creme-P380539?icid2=products%20grid:p380539,,,,,,,,,,
body-moisturizers,https://www.sephora.com/product/chance-eau-fra-206che-P231106?icid2=products%20grid:p231106,,,,,,,,,,
body-moisturizers,https://www.sephora.com/product/j-adore-body-milk-P380621?icid2=products%20grid:p380621,,,,,,,,,,
body-moisturizers,https://www.sephora.com/product/hand-nail-treatment-cream-P247517?icid2=products%20grid:p247517,,,,,,,,,,
body-moisturizers,https://www.sephora.com/product/orange-blossom-body-hand-lotion-P417199?icid2=products%20grid:p417199,,,,,,,,,,
body-moisturizers,https://www.sephora.com/product/amazing-grace-whipped-body-creme-P376180?icid2=products%20grid:p376180,,,,,,,,,,
body-moisturizers,https://www.sephora.com/product/whipped-argan-oil-illuminizing-body-butter-P419638?icid2=products%20grid:p419638,,,,,,,,,,
body-moisturizers,https://www.sephora.com/product/seaberry-nourishing-hand-cream-P400255?icid2=products%20grid:p400255,,,,,,,,,,
body-moisturizers,https://www.sephora.com/product/eczema-targeted-body-balm-P442848?icid2=products%20grid:p442848,,,,,,,,,,
body-moisturizers,https://www.sephora.com/product/rich-girl-broad-spectrum-spf-25-h-cream-P381213?icid2=products%20grid:p381213,,,,,,,,,,
body-moisturizers,https://www.sephora.com/product/coconut-body-glow-P445462?icid2=products%20grid:p445462,,,,,,,,,,
body-moisturizers,https://www.sephora.com/product/genius-liquid-collagen-body-mylk-P449162?icid2=products%20grid:p449162,,,,,,,,,,
body-moisturizers,https://www.sephora.com/product/the-one-body-lotion-P380603?icid2=products%20grid:p380603,,,,,,,,,,
body-moisturizers,https://www.sephora.com/product/pure-argan-oil-P412114?icid2=products%20grid:p412114,,,,,,,,,,
body-moisturizers,https://www.sephora.com/product/fresh-fig-souffle-body-cr-me-P380672?icid2=products%20grid:p380672,,,,,,,,,,
body-moisturizers,https://www.sephora.com/product/la-mer-the-renewal-body-oil-balm-P454083?icid2=products%20grid:p454083,,,,,,,,,,
body-moisturizers,https://www.sephora.com/product/remedy-911-ointment-P442851?icid2=products%20grid:p442851,,,,,,,,,,
body-moisturizers,https://www.sephora.com/product/lime-basil-mandarin-body-creme-P417216?icid2=products%20grid:p417216,,,,,,,,,,
body-moisturizers,https://www.sephora.com/product/nectarine-blossom-honey-body-hand-lotion-P417198?icid2=products%20grid:p417198,,,,,,,,,,
body-moisturizers,https://www.sephora.com/product/sephora-collection-glow-body-cream-P455220?icid2=products%20grid:p455220,,,,,,,,,,
body-moisturizers,https://www.sephora.com/product/make-difference-tm-rejuvenating-hand-treatment-P401575?icid2=products%20grid:p401575,,,,,,,,,,
body-moisturizers,https://www.sephora.com/product/by-rosie-jane-the-complete-mini-oil-collection-set-P456969?icid2=products%20grid:p456969,,,,,,,,,,
body-moisturizers,https://www.sephora.com/product/lord-jones-x-tamara-mellon-high-cbd-formula-stiletto-cream-P450274?icid2=products%20grid:p450274,,,,,,,,,,
body-moisturizers,https://www.sephora.com/product/crema-da-mano-h-cream-cleopatra-P377677?icid2=products%20grid:p377677,,,,,,,,,,
body-moisturizers,https://www.sephora.com/product/citrine-ultra-hydration-neroli-body-oil-P400201?icid2=products%20grid:p400201,,,,,,,,,,
body-moisturizers,https://www.sephora.com/product/the-radiance-nourishing-body-oil-with-jojoba-apricot-olive-oil-P444988?icid2=products%20grid:p444988,,,,,,,,,,
body-moisturizers,https://www.sephora.com/product/pseudonym-excellent-body-milk-P412051?icid2=products%20grid:p412051,,,,,,,,,,
body-moisturizers,https://www.sephora.com/product/acqua-di-parma-colonia-hand-cream-P460440?icid2=products%20grid:p460440,,,,,,,,,,
body-moisturizers,https://www.sephora.com/product/chance-eau-vive-body-moisture-P415960?icid2=products%20grid:p415960,,,,,,,,,,
body-moisturizers,https://www.sephora.com/product/miu-miu-body-lotion-P404294?icid2=products%20grid:p404294,,,,,,,,,,
body-moisturizers,https://www.sephora.com/product/eau-des-merveilles-bath-body-collection-P380964?icid2=products%20grid:p380964,,,,,,,,,,
body-moisturizers,https://www.sephora.com/product/pumpkin-hand-balm-P450143?icid2=products%20grid:p450143,,,,,,,,,,
body-moisturizers,https://www.sephora.com/product/body-glow-P411830?icid2=products%20grid:p411830,,,,,,,,,,
body-moisturizers,https://www.sephora.com/product/i-recover-mind-body-gel-P444455?icid2=products%20grid:p444455,,,,,,,,,,
body-moisturizers,https://www.sephora.com/product/morroccan-rose-otto-ultra-moisture-body-oil-P378013?icid2=products%20grid:p378013,,,,,,,,,,
body-moisturizers,https://www.sephora.com/product/extra-firming-body-cream-P399673?icid2=products%20grid:p399673,,,,,,,,,,
body-moisturizers,https://www.sephora.com/product/neroli-portofino-body-moisturizer-P380648?icid2=products%20grid:p380648,,,,,,,,,,
body-moisturizers,https://www.sephora.com/product/liquid-diamond-bomb-P7845152641?icid2=products%20grid:p7845152641,,,,,,,,,,
body-moisturizers,https://www.sephora.com/product/sunshine-oil-P404793?icid2=products%20grid:p404793,,,,,,,,,,
body-moisturizers,https://www.sephora.com/product/cashmere-mist-body-lotion-P380540?icid2=products%20grid:p380540,,,,,,,,,,
body-moisturizers,https://www.sephora.com/product/verb-excellent-body-milk-P412052?icid2=products%20grid:p412052,,,,,,,,,,
body-moisturizers,https://www.sephora.com/product/raven-excellent-body-milk-P412054?icid2=products%20grid:p412054,,,,,,,,,,
body-moisturizers,https://www.sephora.com/product/vanilla-bean-creamy-body-oil-P401477?icid2=products%20grid:p401477,,,,,,,,,,
body-moisturizers,https://www.sephora.com/product/super-supreme-body-butter-P276331?icid2=products%20grid:p276331,,,,,,,,,,
body-moisturizers,https://www.sephora.com/product/you-glow-girl-body-blur-P446602?icid2=products%20grid:p446602,,,,,,,,,,
body-moisturizers,https://www.sephora.com/product/intense-hydrating-treatment-P412116?icid2=products%20grid:p412116,,,,,,,,,,
body-moisturizers,https://www.sephora.com/product/hair-body-oil-P440691?icid2=products%20grid:p440691,,,,,,,,,,
body-moisturizers,https://www.sephora.com/product/love-melt-P449159?icid2=products%20grid:p449159,,,,,,,,,,
body-moisturizers,https://www.sephora.com/product/prima-skin-therapy-ultra-rich-cbd-body-butter-for-dry-dehydrated-skin-P456217?icid2=products%20grid:p456217,,,,,,,,,,
body-moisturizers,https://www.sephora.com/product/bare-body-powder-oil-P407621?icid2=products%20grid:p407621,,,,,,,,,,
body-moisturizers,https://www.sephora.com/product/arancia-di-capri-spray-body-lotion-P443393?icid2=products%20grid:p443393,,,,,,,,,,
body-moisturizers,https://www.sephora.com/product/chloe-perfumed-body-cream-P380544?icid2=products%20grid:p380544,,,,,,,,,,
body-moisturizers,https://www.sephora.com/product/daisy-eau-so-fresh-body-lotion-P306829?icid2=products%20grid:p306829,,,,,,,,,,
body-moisturizers,https://www.sephora.com/product/fico-di-amalfi-spray-body-lotion-P443392?icid2=products%20grid:p443392,,,,,,,,,,
body-moisturizers,https://www.sephora.com/product/love-story-body-lotion-P393666?icid2=products%20grid:p393666,,,,,,,,,,
body-moisturizers,https://www.sephora.com/product/fable-excellent-body-milk-P412053?icid2=products%20grid:p412053,,,,,,,,,,
body-moisturizers,https://www.sephora.com/product/crema-da-mano-h-cream-giulietta-P377675?icid2=products%20grid:p377675,,,,,,,,,,
body-moisturizers,https://www.sephora.com/product/the-healthy-body-butter-super-sensitive-fragrance-free-P394133?icid2=products%20grid:p394133,,,,,,,,,,
body-moisturizers,https://www.sephora.com/product/salve-day-multi-balm-P446601?icid2=products%20grid:p446601,,,,,,,,,,
body-moisturizers,https://www.sephora.com/product/by-rosie-jane-madie-oil-P457889?icid2=products%20grid:p457889,,,,,,,,,,
body-moisturizers,https://www.sephora.com/product/rose-quartz-illuminating-body-oil-P430822?icid2=products%20grid:p430822,,,,,,,,,,
body-moisturizers,https://www.sephora.com/product/rms-beauty-beauty-body-oil-P456152?icid2=products%20grid:p456152,,,,,,,,,,
body-moisturizers,https://www.sephora.com/product/rrose-excellent-body-milk-P412050?icid2=products%20grid:p412050,,,,,,,,,,
body-moisturizers,https://www.sephora.com/product/geranium-walnut-hand-cream-P417196?icid2=products%20grid:p417196,,,,,,,,,,
body-moisturizers,https://www.sephora.com/product/michael-kors-body-creme-P395446?icid2=products%20grid:p395446,,,,,,,,,,
body-moisturizers,https://www.sephora.com/product/waterlily-sun-body-cream-P399128?icid2=products%20grid:p399128,,,,,,,,,,
body-moisturizers,https://www.sephora.com/product/necessaire-the-body-serum-P459729?icid2=products%20grid:p459729,,,,,,,,,,
body-moisturizers,https://www.sephora.com/product/shea-butter-foot-cream-P39679?icid2=products%20grid:p39679,,,,,,,,,,
body-moisturizers,https://www.sephora.com/product/my-burberry-shower-oil-P398611?icid2=products%20grid:p398611,,,,,,,,,,
body-moisturizers,https://www.sephora.com/product/bamboo-body-lotion-P398623?icid2=products%20grid:p398623,,,,,,,,,,
body-moisturizers,https://www.sephora.com/product/top-stuff-ultra-hydrating-body-cr-me-P430826?icid2=products%20grid:p430826,,,,,,,,,,
body-moisturizers,https://www.sephora.com/product/living-grace-firming-body-emulsion-P380639?icid2=products%20grid:p380639,,,,,,,,,,
body-moisturizers,https://www.sephora.com/product/rice-dry-oil-P12856?icid2=products%20grid:p12856,,,,,,,,,,
body-moisturizers,https://www.sephora.com/product/fresh-life-body-oil-P384842?icid2=products%20grid:p384842,,,,,,,,,,
body-moisturizers,https://www.sephora.com/product/pomegranate-noir-body-hand-lotion-P417202?icid2=products%20grid:p417202,,,,,,,,,,
body-moisturizers,https://www.sephora.com/product/coconut-body-milk-P413969?icid2=products%20grid:p413969,,,,,,,,,,
body-moisturizers,https://www.sephora.com/product/fresh-fig-h-cr-me-P380677?icid2=products%20grid:p380677,,,,,,,,,,
body-moisturizers,https://www.sephora.com/product/noni-glow-body-oil-P418625?icid2=products%20grid:p418625,,,,,,,,,,
body-moisturizers,https://www.sephora.com/product/capri-blue-mini-volcano-hand-lotion-cream-P459003?icid2=products%20grid:p459003,,,,,,,,,,
body-moisturizers,https://www.sephora.com/product/pomegranate-noir-body-creme-P417217?icid2=products%20grid:p417217,,,,,,,,,,
body-moisturizers,https://www.sephora.com/product/capri-blue-volcano-dry-oil-spray-P458995?icid2=products%20grid:p458995,,,,,,,,,,
body-moisturizers,https://www.sephora.com/product/capri-blue-volcano-hand-lotion-cream-P459002?icid2=products%20grid:p459002,,,,,,,,,,
body-moisturizers,https://www.sephora.com/product/capri-blue-volcano-hand-lotion-cream-P459004?icid2=products%20grid:p459004,,,,,,,,,,
sun-lotion,https://www.sephora.com/product/uv-expert-aquagel-defense-primer-moisturizer-spf-50-P442750?icid2=products%20grid:p442750,,,,,,,,,,
sun-lotion,https://www.sephora.com/product/supergoop-unseen-sunscreen-spf-40-P454380?icid2=products%20grid:p454380,,,,,,,,,,
sun-lotion,https://www.sephora.com/product/self-tanning-drops-P431180?icid2=products%20grid:p431180,,,,,,,,,,
sun-lotion,https://www.sephora.com/product/supergoop-glowscreen-sunscreen-spf-40-P456218?icid2=products%20grid:p456218,,,,,,,,,,
sun-lotion,https://www.sephora.com/product/supergoop-play-everyday-lotion-spf-50-with-sunflower-extract-P454383?icid2=products%20grid:p454383,,,,,,,,,,
sun-lotion,https://www.sephora.com/product/tinted-moisturizer-broad-spectrum-P109936?icid2=products%20grid:p109936,,,,,,,,,,
sun-lotion,https://www.sephora.com/product/dior-addict-lip-glow-color-reviver-balm-P236816?icid2=products%20grid:p236816,,,,,,,,,,
sun-lotion,https://www.sephora.com/product/sugar-lip-treatment-spf-15-P57002?icid2=products%20grid:p57002,,,,,,,,,,
sun-lotion,https://www.sephora.com/product/urban-environment-oil-free-uv-protector-broad-spectrum-spf-42-for-face-P307405?icid2=products%20grid:p307405,,,,,,,,,,
sun-lotion,https://www.sephora.com/product/supergoop-glow-oil-spf-50-P454387?icid2=products%20grid:p454387,,,,,,,,,,
sun-lotion,https://www.sephora.com/product/pure-radiant-tinted-moisturizer-spf-30-pa-P302923?icid2=products%20grid:p302923,,,,,,,,,,
sun-lotion,https://www.sephora.com/product/your-skin-but-better-cc-oil-free-matte-with-spf-40-P433435?icid2=products%20grid:p433435,,,,,,,,,,
sun-lotion,https://www.sephora.com/product/tinted-moisturizer-broad-spectrum-oil-free-P140906?icid2=products%20grid:p140906,,,,,,,,,,
sun-lotion,https://www.sephora.com/product/cc-cream-daily-correct-broad-spectrum-spf-35-sunscreen-P386793?icid2=products%20grid:p386793,,,,,,,,,,
sun-lotion,https://www.sephora.com/product/peter-thomas-roth-water-drench-hyaluronic-hydrating-moisturizer-spf-45-P458576?icid2=products%20grid:p458576,,,,,,,,,,
sun-lotion,https://www.sephora.com/product/the-face-illuminating-self-tan-drops-P424988?icid2=products%20grid:p424988,,,,,,,,,,
sun-lotion,https://www.sephora.com/product/silken-pore-perfecting-sunscreen-broad-spectrum-spf-35-P408206?icid2=products%20grid:p408206,,,,,,,,,,
sun-lotion,https://www.sephora.com/product/100-mineral-smooth-poreless-matte-screen-spf-40-P434558?icid2=products%20grid:p434558,,,,,,,,,,
sun-lotion,https://www.sephora.com/product/shiseido-ultimate-sun-protector-lotion-spf-50-sunscreen-P456398?icid2=products%20grid:p456398,,,,,,,,,,
sun-lotion,https://www.sephora.com/product/cicapair-tiger-grass-color-correcting-treatment-spf-30-P411540?icid2=products%20grid:p411540,,,,,,,,,,
sun-lotion,https://www.sephora.com/product/bb-tinted-treatment-12-hour-primer-broad-spectrum-spf-30-sunscreen-P377542?icid2=products%20grid:p377542,,,,,,,,,,
sun-lotion,https://www.sephora.com/product/acne-solutions-bb-cream-broad-spectrum-spf-40-P394252?icid2=products%20grid:p394252,,,,,,,,,,
sun-lotion,https://www.sephora.com/product/self-tanning-water-P431181?icid2=products%20grid:p431181,,,,,,,,,,
sun-lotion,https://www.sephora.com/product/super-city-block-oil-free-daily-face-protector-broad-spectrum-40-spf-P143329?icid2=products%20grid:p143329,,,,,,,,,,
sun-lotion,https://www.sephora.com/product/supergoop-jet-set-spf-travel-kit-P456402?icid2=products%20grid:p456402,,,,,,,,,,
sun-lotion,https://www.sephora.com/product/premium-beauty-balm-spf-45-P285403?icid2=products%20grid:p285403,,,,,,,,,,
sun-lotion,https://www.sephora.com/product/the-body-illuminating-self-tan-drops-P424989?icid2=products%20grid:p424989,,,,,,,,,,
sun-lotion,https://www.sephora.com/product/benefiance-wrinkle-smoothing-day-cream-broad-spectrum-spf-23-P448201?icid2=products%20grid:p448201,,,,,,,,,,
sun-lotion,https://www.sephora.com/product/superscreen-daily-moisturizer-broad-spectrum-spf-40-pa-P439928?icid2=products%20grid:p439928,,,,,,,,,,
sun-lotion,https://www.sephora.com/product/biossance-squalane-zinc-sheer-mineral-sunscreen-spf-30-pa-P456410?icid2=products%20grid:p456410,,,,,,,,,,
sun-lotion,https://www.sephora.com/product/la-mer-the-radiant-skintint-spf-30-P459502?icid2=products%20grid:p459502,,,,,,,,,,
sun-lotion,https://www.sephora.com/product/supergoop-play-antioxidant-mist-spf-50-with-vitamin-c-P454389?icid2=products%20grid:p454389,,,,,,,,,,
sun-lotion,https://www.sephora.com/product/glow-stick-sunscreen-spf-50-P429953?icid2=products%20grid:p429953,,,,,,,,,,
sun-lotion,https://www.sephora.com/product/isle-paradise-own-your-glow-kit-P456988?icid2=products%20grid:p456988,,,,,,,,,,
sun-lotion,https://www.sephora.com/product/innisfree-daily-uv-defense-sunscreen-spf-36-P456392?icid2=products%20grid:p456392,,,,,,,,,,
sun-lotion,https://www.sephora.com/product/dr-lara-devgan-scientific-beauty-platinum-lip-plump-P459127?icid2=products%20grid:p459127,,,,,,,,,,
sun-lotion,https://www.sephora.com/product/self-tan-express-bronzing-mousse-P407448?icid2=products%20grid:p407448,,,,,,,,,,
sun-lotion,https://www.sephora.com/product/supergoop-defense-refresh-re-setting-mist-spf-40-P454381?icid2=products%20grid:p454381,,,,,,,,,,
sun-lotion,https://www.sephora.com/product/wetforce-clear-stick-uv-protector-broad-spectrum-50-P429242?icid2=products%20grid:p429242,,,,,,,,,,
sun-lotion,https://www.sephora.com/product/anti-aging-moisturizer-spf-30-pa-P398068?icid2=products%20grid:p398068,,,,,,,,,,
sun-lotion,https://www.sephora.com/product/camera-ready-bb-cream-spf-35-P300339?icid2=products%20grid:p300339,,,,,,,,,,
sun-lotion,https://www.sephora.com/product/invincible-setting-powder-spf-45-P429247?icid2=products%20grid:p429247,,,,,,,,,,
sun-lotion,https://www.sephora.com/product/self-tan-purity-bronzing-water-face-mist-P432262?icid2=products%20grid:p432262,,,,,,,,,,
sun-lotion,https://www.sephora.com/product/cc-creme-high-definition-radiance-P396095?icid2=products%20grid:p396095,,,,,,,,,,
sun-lotion,https://www.sephora.com/product/first-aid-beauty-weightless-liquid-mineral-spf-30-P456993?icid2=products%20grid:p456993,,,,,,,,,,
sun-lotion,https://www.sephora.com/product/photo-plasma-moisturizer-broad-spectrum-spf-30-P379495?icid2=products%20grid:p379495,,,,,,,,,,
sun-lotion,https://www.sephora.com/product/super-fluid-daily-uv-defense-sunscreen-broad-spectrum-spf-50-P429522?icid2=products%20grid:p429522,,,,,,,,,,
sun-lotion,https://www.sephora.com/product/dr-jart-every-sun-day-mineral-sunscreen-spf-50-P457521?icid2=products%20grid:p457521,,,,,,,,,,
sun-lotion,https://www.sephora.com/product/city-skin-age-defense-broad-spectrum-spf-50-pa-P417980?icid2=products%20grid:p417980,,,,,,,,,,
sun-lotion,https://www.sephora.com/product/bum-bum-sol-oil-spf-30-P442733?icid2=products%20grid:p442733,,,,,,,,,,
sun-lotion,https://www.sephora.com/product/dynamic-skin-recovery-spf50-P443354?icid2=products%20grid:p443354,,,,,,,,,,
sun-lotion,https://www.sephora.com/product/the-gradual-illuminating-gradual-tan-lotion-P424990?icid2=products%20grid:p424990,,,,,,,,,,
sun-lotion,https://www.sephora.com/product/face-finishing-moisturizer-tint-broad-spectrum-spf-30-P392883?icid2=products%20grid:p392883,,,,,,,,,,
sun-lotion,https://www.sephora.com/product/umbra-tm-sheer-physical-daily-defense-broad-spectrum-sunscreen-spf-30-P419222?icid2=products%20grid:p419222,,,,,,,,,,
sun-lotion,https://www.sephora.com/product/color-control-cushion-compact-broad-spectrum-spf-50-P378121?icid2=products%20grid:p378121,,,,,,,,,,
sun-lotion,https://www.sephora.com/product/moisture-surge-cc-cream-hydrating-colour-corrector-broad-spectrum-spf-30-P378639?icid2=products%20grid:p378639,,,,,,,,,,
sun-lotion,https://www.sephora.com/product/st-tropez-tanning-essentials-double-sided-luxe-tan-applicator-mitt-P456400?icid2=products%20grid:p456400,,,,,,,,,,
sun-lotion,https://www.sephora.com/product/argan-daily-moisturizer-spf-47-P385679?icid2=products%20grid:p385679,,,,,,,,,,
sun-lotion,https://www.sephora.com/product/uv-plus-anti-pollution-sunscreen-multi-protection-tint-spf-50-P407408?icid2=products%20grid:p407408,,,,,,,,,,
sun-lotion,https://www.sephora.com/product/essential-c-day-moisture-spf-30-broad-spectrum-spf-30-pa-P9940?icid2=products%20grid:p9940,,,,,,,,,,
sun-lotion,https://www.sephora.com/product/glow-clear-color-correcting-self-tanning-mousse-P443829?icid2=products%20grid:p443829,,,,,,,,,,
sun-lotion,https://www.sephora.com/product/oil-pore-control-mattifier-broad-spectrum-spf-45-pa-P446934?icid2=products%20grid:p446934,,,,,,,,,,
sun-lotion,https://www.sephora.com/product/umbra-tinte-tm-physical-daily-defense-broad-spectrum-sunscreen-spf-30-P419221?icid2=products%20grid:p419221,,,,,,,,,,
sun-lotion,https://www.sephora.com/product/intense-therapy-lip-balm-spf-25-P12573?icid2=products%20grid:p12573,,,,,,,,,,
sun-lotion,https://www.sephora.com/product/tinted-self-tanning-body-mist-P286510?icid2=products%20grid:p286510,,,,,,,,,,
sun-lotion,https://www.sephora.com/product/after-sun-milk-soothing-body-lotion-P412109?icid2=products%20grid:p412109,,,,,,,,,,
sun-lotion,https://www.sephora.com/product/lancome-renergie-lift-multi-action-ultra-dark-spot-correcting-cream-spf-30-P453826?icid2=products%20grid:p453826,,,,,,,,,,
sun-lotion,https://www.sephora.com/product/coola-suncare-full-spectrum-360-refreshing-water-mist-organic-face-sunscreen-spf-18-P455618?icid2=products%20grid:p455618,,,,,,,,,,
sun-lotion,https://www.sephora.com/product/double-duty-face-moisturizer-broad-spectrum-spf-20-P40629?icid2=products%20grid:p40629,,,,,,,,,,
sun-lotion,https://www.sephora.com/product/mineral-cr-me-broad-spectrum-spf-50-uva-uvb-sunscreen-P383591?icid2=products%20grid:p383591,,,,,,,,,,
sun-lotion,https://www.sephora.com/product/full-spectrum-360-sun-silk-drops-spf-30-P429516?icid2=products%20grid:p429516,,,,,,,,,,
sun-lotion,https://www.sephora.com/product/cc-red-correct-automatic-perfector-broad-spectrum-spf-25-P437274?icid2=products%20grid:p437274,,,,,,,,,,
sun-lotion,https://www.sephora.com/product/plantscription-spf-25-power-anti-aging-cream-P409834?icid2=products%20grid:p409834,,,,,,,,,,
sun-lotion,https://www.sephora.com/product/pep-start-daily-uv-protector-broad-spectrum-spf-50-P415773?icid2=products%20grid:p415773,,,,,,,,,,
sun-lotion,https://www.sephora.com/product/gradual-tan-watermelon-infusion-body-lotion-P442746?icid2=products%20grid:p442746,,,,,,,,,,
sun-lotion,https://www.sephora.com/product/green-defense-daily-mineral-sunscreen-P449188?icid2=products%20grid:p449188,,,,,,,,,,
sun-lotion,https://www.sephora.com/product/poof-100-mineral-part-powder-spf-45-P442987?icid2=products%20grid:p442987,,,,,,,,,,
sun-lotion,https://www.sephora.com/product/er-radical-recovery-after-sun-lotion-P395631?icid2=products%20grid:p395631,,,,,,,,,,
sun-lotion,https://www.sephora.com/product/max-sheer-all-day-moisture-defense-lotion-spf-30-sunscreen-lotion-P6563?icid2=products%20grid:p6563,,,,,,,,,,
sun-lotion,https://www.sephora.com/product/beautycounter-dew-skin-tinted-moisturizer-spf-20-P460565?icid2=products%20grid:p460565,,,,,,,,,,
sun-lotion,https://www.sephora.com/product/argan-daily-moisturizer-spf-47-protect-perfect-P394124?icid2=products%20grid:p394124,,,,,,,,,,
sun-lotion,https://www.sephora.com/product/self-tan-purity-bronzing-water-mousse-P429683?icid2=products%20grid:p429683,,,,,,,,,,
sun-lotion,https://www.sephora.com/product/the-butter-illuminating-tanning-butter-P424986?icid2=products%20grid:p424986,,,,,,,,,,
sun-lotion,https://www.sephora.com/product/sport-continuous-spray-spf-50-unscented-P395723?icid2=products%20grid:p395723,,,,,,,,,,
sun-lotion,https://www.sephora.com/product/capture-dreamskin-fresh-perfect-cushion-broad-spectrum-spf-50-P435806?icid2=products%20grid:p435806,,,,,,,,,,
sun-lotion,https://www.sephora.com/product/renewed-hope-in-jar-spf-30-P393516?icid2=products%20grid:p393516,,,,,,,,,,
sun-lotion,https://www.sephora.com/product/gradual-tan-everyday-tinted-body-lotion-P407202?icid2=products%20grid:p407202,,,,,,,,,,
sun-lotion,https://www.sephora.com/product/supergoop-play-body-mousse-spf-50-with-blue-sea-kale-P456407?icid2=products%20grid:p456407,,,,,,,,,,
sun-lotion,https://www.sephora.com/product/supergoop-play-everyday-lotion-spf-30-with-sunflower-extract-P454385?icid2=products%20grid:p454385,,,,,,,,,,
sun-lotion,https://www.sephora.com/product/ultra-facial-cream-spf-30-P422012?icid2=products%20grid:p422012,,,,,,,,,,
sun-lotion,https://www.sephora.com/product/instant-mineral-spf-45-P261607?icid2=products%20grid:p261607,,,,,,,,,,
sun-lotion,https://www.sephora.com/product/invisiblur-perfecting-shield-broad-spectrum-spf-30-pa-P394397?icid2=products%20grid:p394397,,,,,,,,,,
sun-lotion,https://www.sephora.com/product/alpha-beta-glow-pads-P282415?icid2=products%20grid:p282415,,,,,,,,,,
sun-lotion,https://www.sephora.com/product/max-mineral-naked-broad-spectrum-spf-45-P430812?icid2=products%20grid:p430812,,,,,,,,,,
sun-lotion,https://www.sephora.com/product/ultra-facial-moisturizer-spf-30-P422004?icid2=products%20grid:p422004,,,,,,,,,,
sun-lotion,https://www.sephora.com/product/supergoop-handscreen-spf-40-P454392?icid2=products%20grid:p454392,,,,,,,,,,
sun-lotion,https://www.sephora.com/product/cicapair-tiger-grass-camo-drops-P429250?icid2=products%20grid:p429250,,,,,,,,,,
sun-lotion,https://www.sephora.com/product/gradual-tan-plus-sculpt-glow-everyday-multi-active-toning-lotion-P420248?icid2=products%20grid:p420248,,,,,,,,,,
sun-lotion,https://www.sephora.com/product/my-sol-stick-spf-50-P442736?icid2=products%20grid:p442736,,,,,,,,,,
sun-lotion,https://www.sephora.com/product/renergie-lift-multi-action-sunscreen-broad-spectrum-spf-15-for-all-skin-types-P379009?icid2=products%20grid:p379009,,,,,,,,,,
sun-lotion,https://www.sephora.com/product/sun-oil-15-spf-P412112?icid2=products%20grid:p412112,,,,,,,,,,
sun-lotion,https://www.sephora.com/product/daywear-advanced-multi-protection-anti-oxidant-creme-broad-spectrum-spf-15-normal-combination-P380000?icid2=products%20grid:p380000,,,,,,,,,,
sun-lotion,https://www.sephora.com/product/self-tan-extra-dark-bronzing-mousse-P429682?icid2=products%20grid:p429682,,,,,,,,,,
sun-lotion,https://www.sephora.com/product/zincscreen-100-mineral-lotion-spf-40-pa-P446909?icid2=products%20grid:p446909,,,,,,,,,,
sun-lotion,https://www.sephora.com/product/super-glow-hyaluronic-self-tan-serum-P447199?icid2=products%20grid:p447199,,,,,,,,,,
sun-lotion,https://www.sephora.com/product/sun-lotion-50-spf-P412110?icid2=products%20grid:p412110,,,,,,,,,,
sun-lotion,https://www.sephora.com/product/argan-liquid-gold-self-tanning-oil-P395245?icid2=products%20grid:p395245,,,,,,,,,,
sun-lotion,https://www.sephora.com/product/st-tropez-tanning-essentials-self-tan-purity-vitamins-bronzing-water-body-mist-P456206?icid2=products%20grid:p456206,,,,,,,,,,
sun-lotion,https://www.sephora.com/product/shiseido-ultimate-sun-protector-cream-spf-50-face-sunscreen-P456399?icid2=products%20grid:p456399,,,,,,,,,,
sun-lotion,https://www.sephora.com/product/dr-andrew-weil-for-origins-mega-bright-spf-30-skin-tone-correcting-oil-free-moisturizer-P385253?icid2=products%20grid:p385253,,,,,,,,,,
sun-lotion,https://www.sephora.com/product/ultimate-sun-protection-lotion-broad-spectrum-spf-50-wetforce-for-sensitive-skin-children-P405944?icid2=products%20grid:p405944,,,,,,,,,,
sun-lotion,https://www.sephora.com/product/gradual-tan-classic-everyday-mousse-P409603?icid2=products%20grid:p409603,,,,,,,,,,
sun-lotion,https://www.sephora.com/product/sunless-tan-anti-aging-face-serum-P418221?icid2=products%20grid:p418221,,,,,,,,,,
sun-lotion,https://www.sephora.com/product/liplux-spf-30-P395625?icid2=products%20grid:p395625,,,,,,,,,,
sun-lotion,https://www.sephora.com/product/broad-spectrum-spf-50-sunscreen-face-cream-P232327?icid2=products%20grid:p232327,,,,,,,,,,
sun-lotion,https://www.sephora.com/product/express-extra-dark-mousse-P444614?icid2=products%20grid:p444614,,,,,,,,,,
sun-lotion,https://www.sephora.com/product/clinique-moisture-surge-sheertint-hydrator-broad-spectrum-spf-25-P457692?icid2=products%20grid:p457692,,,,,,,,,,
sun-lotion,https://www.sephora.com/product/hydra-mousse-hydrating-self-tan-mousse-P424984?icid2=products%20grid:p424984,,,,,,,,,,
sun-lotion,https://www.sephora.com/product/makeup-setting-spray-spf30-P396623?icid2=products%20grid:p396623,,,,,,,,,,
sun-lotion,https://www.sephora.com/product/sublime-defense-ultra-lightweight-uv-defense-fluid-spf-50-P311143?icid2=products%20grid:p311143,,,,,,,,,,
sun-lotion,https://www.sephora.com/product/powerful-wrinkle-reducing-cream-sunscreen-broad-spectrum-spf-30-P422265?skuId=1988914&icid2=products%20grid:p422265,,,,,,,,,,
sun-lotion,https://www.sephora.com/product/sunless-tan-firming-lotion-P441645?icid2=products%20grid:p441645,,,,,,,,,,
sun-lotion,https://www.sephora.com/product/dr-jart-dis-a-pore-beauty-balm-spf-50-P457523?icid2=products%20grid:p457523,,,,,,,,,,
sun-lotion,https://www.sephora.com/product/bienfait-multi-vital-sunscreen-lotion-broad-spectrum-spf-30-P124001?icid2=products%20grid:p124001,,,,,,,,,,
sun-lotion,https://www.sephora.com/product/radiance-plus-golden-glow-booster-P385261?icid2=products%20grid:p385261,,,,,,,,,,
sun-lotion,https://www.sephora.com/product/the-water-hydrating-self-tan-water-P424985?icid2=products%20grid:p424985,,,,,,,,,,
sun-lotion,https://www.sephora.com/product/super-multi-corrective-cream-sunscreen-broad-spectrum-spf-30-P422260?icid2=products%20grid:p422260,,,,,,,,,,
sun-lotion,https://www.sephora.com/product/dark-spot-sun-defense-broad-spectrum-spf-50-P394353?icid2=products%20grid:p394353,,,,,,,,,,
sun-lotion,https://www.sephora.com/product/broad-spectrum-spf-50-mineral-sunscreen-fluid-for-face-P410101?icid2=products%20grid:p410101,,,,,,,,,,
sun-lotion,https://www.sephora.com/product/korres-greek-yoghurt-calming-cooling-gel-P456415?icid2=products%20grid:p456415,,,,,,,,,,
sun-lotion,https://www.sephora.com/product/sunscreen-multi-protection-broad-spectrum-spf-50-P393065?icid2=products%20grid:p393065,,,,,,,,,,
sun-lotion,https://www.sephora.com/product/resurgence-age-balancing-moisture-broad-spectrum-spf-30-P388821?icid2=products%20grid:p388821,,,,,,,,,,
sun-lotion,https://www.sephora.com/product/ultimate-miracle-worker-multi-rejuvenating-cream-spf-30-P398831?icid2=products%20grid:p398831,,,,,,,,,,
sun-lotion,https://www.sephora.com/product/even-better-skin-tone-correcting-moisturizer-broad-spectrum-spf-20-P247716?icid2=products%20grid:p247716,,,,,,,,,,
sun-lotion,https://www.sephora.com/product/prisma-protect-spf-30-moisturizer-P443366?icid2=products%20grid:p443366,,,,,,,,,,
sun-lotion,https://www.sephora.com/product/self-tan-dark-bronzing-mousse-P407452?icid2=products%20grid:p407452,,,,,,,,,,
sun-lotion,https://www.sephora.com/product/black-label-detox-bb-beauty-balm-P374568?icid2=products%20grid:p374568,,,,,,,,,,
sun-lotion,https://www.sephora.com/product/dr-jart-every-sun-day-sun-fluid-spf-50-P457522?icid2=products%20grid:p457522,,,,,,,,,,
sun-lotion,https://www.sephora.com/product/smart-broad-spectrum-spf-15-custom-repair-moisturizer-for-dry-combination-skin-P405286?icid2=products%20grid:p405286,,,,,,,,,,
sun-lotion,https://www.sephora.com/product/plantscription-spf-25-power-anti-aging-oil-free-cream-P409816?icid2=products%20grid:p409816,,,,,,,,,,
sun-lotion,https://www.sephora.com/product/urban-environment-tinted-uv-protector-broad-spectrum-spf-43-P378216?icid2=products%20grid:p378216,,,,,,,,,,
sun-lotion,https://www.sephora.com/product/ultimate-sun-protection-spray-broad-spectrum-spf-50-for-face-body-P385262?icid2=products%20grid:p385262,,,,,,,,,,
sun-lotion,https://www.sephora.com/product/city-sunscreen-serum-spf-30-P282915?icid2=products%20grid:p282915,,,,,,,,,,
sun-lotion,https://www.sephora.com/product/rosilliance-organic-bb-cream-spf-30-P409519?icid2=products%20grid:p409519,,,,,,,,,,
sun-lotion,https://www.sephora.com/product/coola-suncare-mineral-body-organic-sunscreen-lotion-spf-30-tropical-coconut-P458217?icid2=products%20grid:p458217,,,,,,,,,,
sun-lotion,https://www.sephora.com/product/alpha-beta-glow-pad-for-body-with-active-vitamin-d-P309104?icid2=products%20grid:p309104,,,,,,,,,,
sun-lotion,https://www.sephora.com/product/sun-kissed-face-gelee-complextion-multitasker-P407381?icid2=products%20grid:p407381,,,,,,,,,,
sun-lotion,https://www.sephora.com/product/oil-free-sun-guard-sunscreen-water-resistant-spf-45-P397664?icid2=products%20grid:p397664,,,,,,,,,,
sun-lotion,https://www.sephora.com/product/multi-active-day-cream-spf-20-all-skin-types-P406941?icid2=products%20grid:p406941,,,,,,,,,,
sun-lotion,https://www.sephora.com/product/healthy-glow-sunless-tan-broad-spectrum-suncreen-spf-40-P429039?icid2=products%20grid:p429039,,,,,,,,,,
sun-lotion,https://www.sephora.com/product/self-tanning-instant-gel-P53162?icid2=products%20grid:p53162,,,,,,,,,,
sun-lotion,https://www.sephora.com/product/repairwear-uplifting-firming-cream-broad-spectrum-spf-15-P376946?icid2=products%20grid:p376946,,,,,,,,,,
sun-lotion,https://www.sephora.com/product/no-lipstick-lipstick-spf-15-P386606?icid2=products%20grid:p386606,,,,,,,,,,
sun-lotion,https://www.sephora.com/product/super-fluid-uv-mineral-defense-titanium-dioxide-sunscreen-broad-spectrum-spf-50-P422272?icid2=products%20grid:p422272,,,,,,,,,,
sun-lotion,https://www.sephora.com/product/facial-fuel-daily-energizing-moisture-treatment-sunscreen-broad-spectrum-spf-15-P439414?icid2=products%20grid:p439414,,,,,,,,,,
sun-lotion,https://www.sephora.com/product/st-tropez-tanning-essentials-self-tan-express-bronzing-gel-P456401?icid2=products%20grid:p456401,,,,,,,,,,
sun-lotion,https://www.sephora.com/product/broad-spectrum-spf-30-mineral-sunscreen-lotion-for-body-P410102?icid2=products%20grid:p410102,,,,,,,,,,
sun-lotion,https://www.sephora.com/product/clinique-superdefense-city-block-spf-50-daily-energy-face-protector-P456991?icid2=products%20grid:p456991,,,,,,,,,,
sun-lotion,https://www.sephora.com/product/dermalogica-invisible-physical-defense-sunscreen-spf-30-P456582?icid2=products%20grid:p456582,,,,,,,,,,
sun-lotion,https://www.sephora.com/product/st-tropez-tanning-essentials-purity-tanning-waters-mini-kit-P456204?icid2=products%20grid:p456204,,,,,,,,,,
sun-lotion,https://www.sephora.com/product/perfecting-day-cream-broad-spectrum-spf-30-pa-P4039?icid2=products%20grid:p4039,,,,,,,,,,
sun-lotion,https://www.sephora.com/product/mineral-body-sunscreen-spf-50-P442270?icid2=products%20grid:p442270,,,,,,,,,,
sun-lotion,https://www.sephora.com/product/classic-body-spf-50-guava-mango-P443553?icid2=products%20grid:p443553,,,,,,,,,,
sun-lotion,https://www.sephora.com/product/clearing-defense-spf-30-moisturizer-P443371?icid2=products%20grid:p443371,,,,,,,,,,
sun-lotion,https://www.sephora.com/product/sheer-mineral-sun-spray-spf-50-P385431?icid2=products%20grid:p385431,,,,,,,,,,
sun-lotion,https://www.sephora.com/product/uncomplikated-spf-50-soft-focus-makeup-setting-spray-P419712?icid2=products%20grid:p419712,,,,,,,,,,
sun-lotion,https://www.sephora.com/product/radiance-primer-broad-spectrum-spf-35-sunscreen-P415965?icid2=products%20grid:p415965,,,,,,,,,,
sun-lotion,https://www.sephora.com/product/urban-enviroment-uv-protection-cream-broad-spectrum-spf-40-for-face-body-P282022?icid2=products%20grid:p282022,,,,,,,,,,
sun-lotion,https://www.sephora.com/product/mineral-sun-defense-moisturizer-broad-spectrum-sunscreen-spf-30-P444985?icid2=products%20grid:p444985,,,,,,,,,,
sun-lotion,https://www.sephora.com/product/capture-dreamskin-fresh-perfect-cushion-broad-spectrum-spf-50-refill-P435807?skuId=2145381&icid2=products%20grid:p435807,,,,,,,,,,
sun-lotion,https://www.sephora.com/product/delicious-self-tanning-cream-P208309?icid2=products%20grid:p208309,,,,,,,,,,
sun-lotion,https://www.sephora.com/product/self-tanning-milky-lotion-P408031?icid2=products%20grid:p408031,,,,,,,,,,
sun-lotion,https://www.sephora.com/product/wonder-oil-illuminating-self-tan-oil-P433440?icid2=products%20grid:p433440,,,,,,,,,,
sun-lotion,https://www.sephora.com/product/sun-lotion-30-spf-P412111?icid2=products%20grid:p412111,,,,,,,,,,
sun-lotion,https://www.sephora.com/product/prismatic-luminizing-shield-spf-50-P429656?icid2=products%20grid:p429656,,,,,,,,,,
sun-lotion,https://www.sephora.com/product/gradual-tan-everyday-pre-shower-tanning-mousse-P432261?icid2=products%20grid:p432261,,,,,,,,,,
sun-lotion,https://www.sephora.com/product/body-glow-P2856?icid2=products%20grid:p2856,,,,,,,,,,
sun-lotion,https://www.sephora.com/product/whipped-argan-oil-spf-45-body-butter-P444042?icid2=products%20grid:p444042,,,,,,,,,,
sun-lotion,https://www.sephora.com/product/juicy-mango-argan-liquid-gold-self-tanning-body-oil-P419637?icid2=products%20grid:p419637,,,,,,,,,,
sun-lotion,https://www.sephora.com/product/prep-it-self-tan-priming-spray-P433155?icid2=products%20grid:p433155,,,,,,,,,,
sun-lotion,https://www.sephora.com/product/mineral-sun-silk-creme-P442271?icid2=products%20grid:p442271,,,,,,,,,,
sun-lotion,https://www.sephora.com/product/marc-jacobs-beauty-glow-away-bronzing-coconut-body-stick-P456155?icid2=products%20grid:p456155,,,,,,,,,,
sun-lotion,https://www.sephora.com/product/anti-aging-armour-super-smart-skin-perfecting-beauty-fluid-spf-50-P411887?icid2=products%20grid:p411887,,,,,,,,,,
sun-lotion,https://www.sephora.com/product/mineral-body-sunscreen-spf-30-P442269?icid2=products%20grid:p442269,,,,,,,,,,
sun-lotion,https://www.sephora.com/product/repairing-tint-radiance-moisturizer-spf-30-P395382?icid2=products%20grid:p395382,,,,,,,,,,
sun-lotion,https://www.sephora.com/product/city-block-sheer-oil-free-daily-face-protector-spf-25-P196542?icid2=products%20grid:p196542,,,,,,,,,,
sun-lotion,https://www.sephora.com/product/mario-badescu-oil-free-moisturizer-broad-spectrum-spf-30-P440493?icid2=products%20grid:p440493,,,,,,,,,,
sun-lotion,https://www.sephora.com/product/instant-radiance-sun-defense-sunscreen-broad-spectrum-spf-40-P409706?icid2=products%20grid:p409706,,,,,,,,,,
sun-lotion,https://www.sephora.com/product/in-shower-gradual-tan-P397060?icid2=products%20grid:p397060,,,,,,,,,,
sun-lotion,https://www.sephora.com/product/age-defense-bb-cream-broad-spectrum-spf-30-P293010?icid2=products%20grid:p293010,,,,,,,,,,
sun-lotion,https://www.sephora.com/product/self-tan-classic-bronzing-lotion-P407201?icid2=products%20grid:p407201,,,,,,,,,,
sun-lotion,https://www.sephora.com/product/daydream-mineral-primer-spf-30-P408646?icid2=products%20grid:p408646,,,,,,,,,,
sun-lotion,https://www.sephora.com/product/tarteguard-sunscreen-P395240?icid2=products%20grid:p395240,,,,,,,,,,
sun-lotion,https://www.sephora.com/product/waso-color-smart-day-moisturizer-broad-spectrum-spf-30-P421770?icid2=products%20grid:p421770,,,,,,,,,,
sun-lotion,https://www.sephora.com/product/sobel-skin-rx-plant-stem-cell-day-cream-spf-30-P451747?icid2=products%20grid:p451747,,,,,,,,,,
sun-lotion,https://www.sephora.com/product/self-tan-classic-bronzing-mist-P409602?icid2=products%20grid:p409602,,,,,,,,,,
sun-lotion,https://www.sephora.com/product/smart-broad-spectrum-spf-15-custom-repair-moisturizer-for-very-dry-to-dry-skin-P405285?icid2=products%20grid:p405285,,,,,,,,,,
sun-lotion,https://www.sephora.com/product/100-mineral-sunscreen-mist-with-marigold-extract-broad-spectrum-spf-30-P422349?icid2=products%20grid:p422349,,,,,,,,,,
sun-lotion,https://www.sephora.com/product/liquid-bronze-self-tanning-P99115?icid2=products%20grid:p99115,,,,,,,,,,
sun-lotion,https://www.sephora.com/product/disco-tan-instant-wash-off-body-bronzer-P431418?icid2=products%20grid:p431418,,,,,,,,,,
sun-lotion,https://www.sephora.com/product/future-solution-lx-total-protective-cream-broad-spectrum-spf-20-sunscreen-P423167?icid2=products%20grid:p423167,,,,,,,,,,
sun-lotion,https://www.sephora.com/product/future-solution-lx-total-protective-emulsion-broad-spectrum-spf-20-sunscreen-P423168?icid2=products%20grid:p423168,,,,,,,,,,
sun-lotion,https://www.sephora.com/product/sunless-tan-dry-body-oil-mist-P418220?icid2=products%20grid:p418220,,,,,,,,,,
sun-lotion,https://www.sephora.com/product/sunless-tan-express-sculpting-mousse-P442267?icid2=products%20grid:p442267,,,,,,,,,,
sun-lotion,https://www.sephora.com/product/coola-suncare-mineral-face-organic-matte-tint-sunscreen-lotion-spf-30-P455342?icid2=products%20grid:p455342,,,,,,,,,,
sun-lotion,https://www.sephora.com/product/non-streak-bronzer-P122772?icid2=products%20grid:p122772,,,,,,,,,,
sun-lotion,https://www.sephora.com/product/sunless-tan-luminizing-body-serum-P441869?icid2=products%20grid:p441869,,,,,,,,,,
sun-lotion,https://www.sephora.com/product/instant-hero-skin-perfector-P432664?icid2=products%20grid:p432664,,,,,,,,,,
sun-lotion,https://www.sephora.com/product/renergie-lift-multi-action-sunscreen-broad-spectrum-spf-15-for-dry-skin-P376430?icid2=products%20grid:p376430,,,,,,,,,,
sun-lotion,https://www.sephora.com/product/alive-prebiotic-balancing-moisturizer-spf-15-P442860?icid2=products%20grid:p442860,,,,,,,,,,
sun-lotion,https://www.sephora.com/product/self-tan-purity-water-gel-P442747?icid2=products%20grid:p442747,,,,,,,,,,
sun-lotion,https://www.sephora.com/product/one-night-only-finishing-body-gloss-P417612?icid2=products%20grid:p417612,,,,,,,,,,
sun-lotion,https://www.sephora.com/product/sheer-fluid-sun-shield-broad-spectrum-spf-30-sunscreen-P399749?icid2=products%20grid:p399749,,,,,,,,,,
sun-lotion,https://www.sephora.com/product/st-tropez-tanning-essentials-self-tan-express-starter-kit-P456203?icid2=products%20grid:p456203,,,,,,,,,,
sun-lotion,https://www.sephora.com/product/advanced-time-zone-spf-15-normal-combination-skin-P380005?icid2=products%20grid:p380005,,,,,,,,,,
sun-lotion,https://www.sephora.com/product/repairwear-laser-focus-line-smoothing-cream-broad-spectrum-spf-15-for-combination-oily-to-oily-skin-P406656?icid2=products%20grid:p406656,,,,,,,,,,
sun-lotion,https://www.sephora.com/product/one-night-only-wash-off-face-body-lotion-P396338?icid2=products%20grid:p396338,,,,,,,,,,
sun-lotion,https://www.sephora.com/product/repairwear-laser-focus-line-smoothing-cream-broad-spectrum-spf-15-for-very-dry-to-dry-combination-skin-P405825?icid2=products%20grid:p405825,,,,,,,,,,
sun-lotion,https://www.sephora.com/product/shiseido-future-solution-lx-universal-defense-broad-spectrum-spf-50-P455231?icid2=products%20grid:p455231,,,,,,,,,,
sun-lotion,https://www.sephora.com/product/coola-suncare-full-spectrum-360-mineral-sun-silk-moisturizer-organic-sunscreen-spf-30-P456565?icid2=products%20grid:p456565,,,,,,,,,,
sun-lotion,https://www.sephora.com/product/sunless-tan-luminizing-face-compact-P441870?icid2=products%20grid:p441870,,,,,,,,,,
sun-lotion,https://www.sephora.com/product/sleep-oil-rejuvenating-miracle-tanning-oil-P424987?icid2=products%20grid:p424987,,,,,,,,,,
sun-lotion,https://www.sephora.com/product/day-cream-broad-spectrum-sunscreen-spf-30-P386498?icid2=products%20grid:p386498,,,,,,,,,,
sun-lotion,https://www.sephora.com/product/glyco-water-self-tan-eraser-P432665?icid2=products%20grid:p432665,,,,,,,,,,
sun-lotion,https://www.sephora.com/product/tan-luxe-super-glow-body-hyaluronic-self-tan-serum-P456989?icid2=products%20grid:p456989,,,,,,,,,,
sun-lotion,https://www.sephora.com/product/amazonian-clay-bb-tinted-moisturizer-broad-spectrum-spf-20-sunscreen-P67617?icid2=products%20grid:p67617,,,,,,,,,,
sun-lotion,https://www.sephora.com/product/sundaze-mineral-face-sunscreen-spf-30-P442970?icid2=products%20grid:p442970,,,,,,,,,,
sun-lotion,https://www.sephora.com/product/self-tan-bronzing-mousse-P261322?icid2=products%20grid:p261322,,,,,,,,,,
sun-lotion,https://www.sephora.com/product/daywear-multi-protection-anti-oxidant-sheer-tint-release-moisturizer-broad-spectrum-spf-15-normal-combination-skin-P401118?icid2=products%20grid:p401118,,,,,,,,,,
sun-lotion,https://www.sephora.com/product/bienfait-teinte-beauty-balm-sunscreen-broad-spectrum-spf-30-P380690?icid2=products%20grid:p380690,,,,,,,,,,
sun-lotion,https://www.sephora.com/product/white-lucent-day-emulsion-broad-spectrum-spf-23-P443377?icid2=products%20grid:p443377,,,,,,,,,,
sun-lotion,https://www.sephora.com/product/shine-on-lip-screen-broad-spectrum-spf-50-P408264?icid2=products%20grid:p408264,,,,,,,,,,
sun-lotion,https://www.sephora.com/product/daily-deflector-waterlight-broad-spectrum-spf-50-pa-anti-aging-sunscreen-P381034?icid2=products%20grid:p381034,,,,,,,,,,
sun-lotion,https://www.sephora.com/product/kosas-chemistry-aha-serum-deodorant-P461178?icid2=products%20grid:p461178,,,,,,,,,,
body-care,https://www.sephora.com/product/brazilian-bum-bum-cream-P406080?icid2=products%20grid:p406080,,,,,,,,,,
body-care,https://www.sephora.com/product/cashmere-mist-deodorant-P380541?icid2=products%20grid:p380541,,,,,,,,,,
body-care,https://www.sephora.com/product/sugar-roll-on-deodorant-antiperspirant-P34105?icid2=products%20grid:p34105,,,,,,,,,,
body-care,https://www.sephora.com/product/dermaplaning-tool-P441054?icid2=products%20grid:p441054,,,,,,,,,,
body-care,https://www.sephora.com/product/caudalie-vinosculpt-lift-firm-body-cream-P456403?icid2=products%20grid:p456403,,,,,,,,,,
body-care,https://www.sephora.com/product/drunk-elephant-sweet-pitti-deodorant-cream-P457685?icid2=products%20grid:p457685,,,,,,,,,,
body-care,https://www.sephora.com/product/coconut-deodorant-P429518?icid2=products%20grid:p429518,,,,,,,,,,
body-care,https://www.sephora.com/product/b-flat-belly-firming-cream-P448708?icid2=products%20grid:p448708,,,,,,,,,,
body-care,https://www.sephora.com/product/flatter-me-supplements-P394826?icid2=products%20grid:p394826,,,,,,,,,,
body-care,https://www.sephora.com/product/b-tight-lift-firm-booty-mask-P441098?icid2=products%20grid:p441098,,,,,,,,,,
body-care,https://www.sephora.com/product/the-cool-fix-P238412?icid2=products%20grid:p238412,,,,,,,,,,
body-care,https://www.sephora.com/product/body-fit-anti-cellulite-contouring-expert-P415749?icid2=products%20grid:p415749,,,,,,,,,,
body-care,https://www.sephora.com/product/neroli-portifino-deodorant-stick-P385778?icid2=products%20grid:p385778,,,,,,,,,,
body-care,https://www.sephora.com/product/daily-cleanse-supplements-P386754?icid2=products%20grid:p386754,,,,,,,,,,
body-care,https://www.sephora.com/product/platinum-egoiste-deodorant-stick-P168609?icid2=products%20grid:p168609,,,,,,,,,,
body-care,https://www.sephora.com/product/goop-g-tox-ultimate-dry-brush-P458964?icid2=products%20grid:p458964,,,,,,,,,,
body-care,https://www.sephora.com/product/tonic-body-treatment-oil-P95070?icid2=products%20grid:p95070,,,,,,,,,,
body-care,https://www.sephora.com/product/glopro-body-microtip-attachment-head-P438632?icid2=products%20grid:p438632,,,,,,,,,,
body-care,https://www.sephora.com/product/ultimate-sun-protection-lotion-broad-spectrum-spf-50-wetforce-for-sensitive-skin-children-P405944?icid2=products%20grid:p405944,,,,,,,,,,
body-care,https://www.sephora.com/product/bump-fix-razor-bump-ingrown-hair-solution-P378718?icid2=products%20grid:p378718,,,,,,,,,,
body-care,https://www.sephora.com/product/oud-wood-deodorant-stick-P399609?icid2=products%20grid:p399609,,,,,,,,,,
body-care,https://www.sephora.com/product/nubody-skin-toning-device-P428005?icid2=products%20grid:p428005,,,,,,,,,,
body-care,https://www.sephora.com/product/clarins-body-partner-stretch-mark-cream-P456195?icid2=products%20grid:p456195,,,,,,,,,,
body-care,https://www.sephora.com/product/dr-barbara-sturm-anti-cellulite-brush-P449600?icid2=products%20grid:p449600,,,,,,,,,,
body-care,https://www.sephora.com/product/dermaflash-dermaflash-one-exfoliation-peach-fuzz-removal-device-P457000?icid2=products%20grid:p457000,,,,,,,,,,
body-care,https://www.sephora.com/product/masvelt-body-shaping-cream-P407417?icid2=products%20grid:p407417,,,,,,,,,,
body-care,https://www.sephora.com/product/raw-beauty-green-superfood-powder-P405826?skuId=1802370&icid2=products%20grid:p405826,,,,,,,,,,
body-care,https://www.sephora.com/product/freshen-up-100-natural-deodorant-P440978?icid2=products%20grid:p440978,,,,,,,,,,
body-care,https://www.sephora.com/product/oud-wood-all-over-body-spray-P399611?icid2=products%20grid:p399611,,,,,,,,,,
body-care,https://www.sephora.com/product/anti-stink-deodorant-P446922?icid2=products%20grid:p446922,,,,,,,,,,
body-care,https://www.sephora.com/product/beauty-zzzz-P407387?icid2=products%20grid:p407387,,,,,,,,,,
body-care,https://www.sephora.com/product/big-chill-supplements-P388982?icid2=products%20grid:p388982,,,,,,,,,,
body-care,https://www.sephora.com/product/pit-boss-antiperspirant-deodorant-P96811?icid2=products%20grid:p96811,,,,,,,,,,
body-care,https://www.sephora.com/product/b-well-tea-tree-eucalyptus-clean-deodorant-P449133?icid2=products%20grid:p449133,,,,,,,,,,
body-care,https://www.sephora.com/product/sephora-collection-body-massager-P456008?icid2=products%20grid:p456008,,,,,,,,,,
body-care,https://www.sephora.com/product/cellusculpt-body-shaper-cellulite-smoothing-cream-P394220?icid2=products%20grid:p394220,,,,,,,,,,
body-care,https://www.sephora.com/product/contour-body-treatment-oil-P399675?icid2=products%20grid:p399675,,,,,,,,,,
body-care,https://www.sephora.com/product/l-homme-deodorant-P306857?icid2=products%20grid:p306857,,,,,,,,,,
body-care,https://www.sephora.com/product/chloe-perfumed-deodorant-spray-P380545?icid2=products%20grid:p380545,,,,,,,,,,
body-care,https://www.sephora.com/product/ingrown-hair-treatment-P170545?icid2=products%20grid:p170545,,,,,,,,,,
body-care,https://www.sephora.com/product/pearl-souffle-luxurious-shave-cream-P381429?icid2=products%20grid:p381429,,,,,,,,,,
body-care,https://www.sephora.com/product/squalane-bamboo-deodorant-P433881?icid2=products%20grid:p433881,,,,,,,,,,
body-care,https://www.sephora.com/product/no-offense-alcohol-aluminum-free-deodorant-P433156?icid2=products%20grid:p433156,,,,,,,,,,
body-care,https://www.sephora.com/product/romance-deoderant-P378352?icid2=products%20grid:p378352,,,,,,,,,,
body-care,https://www.sephora.com/product/extra-firming-body-lotion-P393259?icid2=products%20grid:p393259,,,,,,,,,,
body-care,https://www.sephora.com/product/purity-made-simple-3-in-1-shower-bath-shave-gel-P399108?icid2=products%20grid:p399108,,,,,,,,,,
body-care,https://www.sephora.com/product/get-smooth-duo-P379303?icid2=products%20grid:p379303,,,,,,,,,,
body-care,https://www.sephora.com/product/the-one-for-men-deodorant-P306876?icid2=products%20grid:p306876,,,,,,,,,,
body-care,https://www.sephora.com/product/kopari-cbd-deodorant-P458210?icid2=products%20grid:p458210,,,,,,,,,,
body-care,https://www.sephora.com/product/shave-cream-P9022?icid2=products%20grid:p9022,,,,,,,,,,
body-care,https://www.sephora.com/product/light-blue-pour-homme-deodorant-P306859?icid2=products%20grid:p306859,,,,,,,,,,
body-care,https://www.sephora.com/product/after-shave-balm-P9024?icid2=products%20grid:p9024,,,,,,,,,,
body-care,https://www.sephora.com/product/fizzy-body-sculpting-mousse-P421242?icid2=products%20grid:p421242,,,,,,,,,,
body-care,https://www.sephora.com/product/jack-black-pit-ctrl-aluminum-free-deodorant-P455233?icid2=products%20grid:p455233,,,,,,,,,,
body-care,https://www.sephora.com/product/shower-fresh-deoderant-P395415?icid2=products%20grid:p395415,,,,,,,,,,
body-care,https://www.sephora.com/product/necessaire-the-deodorant-P459137?icid2=products%20grid:p459137,,,,,,,,,,
body-care,https://www.sephora.com/product/extreme-blue-after-shave-balm-P398941?icid2=products%20grid:p398941,,,,,,,,,,
body-care,https://www.sephora.com/product/null-P383438?icid2=products%20grid:p383438,,,,,,,,,,
body-care,https://www.sephora.com/product/antiperspirant-deodorant-stick-P122644?icid2=products%20grid:p122644,,,,,,,,,,
body-care,https://www.sephora.com/product/moody-bird-supplements-P386759?icid2=products%20grid:p386759,,,,,,,,,,
body-care,https://www.sephora.com/product/cedrat-deodorant-P397459?icid2=products%20grid:p397459,,,,,,,,,,
body-care,https://www.sephora.com/product/noir-deoderant-stick-P382281?icid2=products%20grid:p382281,,,,,,,,,,
body-care,https://www.sephora.com/product/uber-energy-supplements-P386764?icid2=products%20grid:p386764,,,,,,,,,,
body-care,https://www.sephora.com/product/skinny-bird-supplements-P394827?icid2=products%20grid:p394827,,,,,,,,,,
body-care,https://www.sephora.com/product/kosas-chemistry-aha-serum-deodorant-P461178?icid2=products%20grid:p461178,,,,,,,,,,
beauty-supplements-bath-body,https://www.sephora.com/product/bum-bum-jet-set-P444048?icid2=products%20grid:p444048,,,,,,,,,,
beauty-supplements-bath-body,https://www.sephora.com/product/pro-facial-steamer-P413613?icid2=products%20grid:p413613,,,,,,,,,,
beauty-supplements-bath-body,https://www.sephora.com/product/uplift-firming-massage-head-P418202?skuId=2349934&icid2=products%20grid:p418202,,,,,,,,,,
beauty-supplements-bath-body,https://www.sephora.com/product/samba-2-step-foot-fetish-care-P406081?icid2=products%20grid:p406081,,,,,,,,,,
beauty-supplements-bath-body,https://www.sephora.com/product/coconut-your-bod-P443818?icid2=products%20grid:p443818,,,,,,,,,,
beauty-supplements-bath-body,https://www.sephora.com/product/clean-cool-body-basics-P421013?icid2=products%20grid:p421013,,,,,,,,,,
beauty-supplements-bath-body,https://www.sephora.com/product/briogeo-briogeo-kathleen-lights-b-well-aromatic-essential-oils-kit-P454053?icid2=products%20grid:p454053,,,,,,,,,,
